Date added,Country,Language,Keyword,Category,Cluster,SEMrush DB,Status,Domain policy,Domain hint,TLD hint
2026-09-14,Canada,en,iptv,service,ca_core,ca,queued,ok,cluster-on-country-site,ca
2026-09-14,Canada,en,iptv canada,service+geo,ca_geo,ca,volume_verified,ok,TAKEN:iptvcanada.ca,.ca
2026-09-14,Canada,en,iptv canadian,service+geo,ca_geo,ca,queued,ok,iptvcanadian.ca,.ca
2026-09-14,Canada,en,best iptv,service,ca_core,ca,queued,ok,TAKEN:bestiptv.ca,.ca
2026-09-14,Canada,en,best iptv canada,service+geo,ca_geo,ca,volume_verified,ok,TAKEN:bestiptvcanada.ca,.ca
2026-09-14,Canada,en,best iptv canadian,service+geo,ca_geo,ca,queued,ok,bestiptvcanadian.ca,.ca
2026-09-14,Canada,en,iptv provider,service,ca_core,ca,queued,ok,iptvprovider.ca,.ca
2026-09-14,Canada,en,iptv provider canada,service+geo,ca_geo,ca,queued,ok,iptvprovidercanada.ca,.ca
2026-09-14,Canada,en,iptv provider canadian,service+geo,ca_geo,ca,queued,ok,iptvprovidercanadian.ca,.ca
2026-09-14,Canada,en,iptv subscription,service,ca_core,ca,queued,ok,TAKEN:iptvsubscription.ca,.ca
2026-09-14,Canada,en,iptv subscription canada,service+geo,ca_geo,ca,queued,ok,iptvsubscriptioncanada.ca,.ca
2026-09-14,Canada,en,iptv subscription canadian,service+geo,ca_geo,ca,queued,ok,iptvsubscriptioncanadian.ca,.ca
2026-09-14,Canada,en,iptv service,service,ca_core,ca,queued,ok,iptvservice.ca,.ca
2026-09-14,Canada,en,iptv service canada,service+geo,ca_geo,ca,queued,ok,iptvservicecanada.ca,.ca
2026-09-14,Canada,en,iptv service canadian,service+geo,ca_geo,ca,queued,ok,iptvservicecanadian.ca,.ca
2026-09-14,Canada,en,iptv services,service,ca_core,ca,queued,ok,iptvservices.ca,.ca
2026-09-14,Canada,en,iptv services canada,service+geo,ca_geo,ca,queued,ok,iptvservicescanada.ca,.ca
2026-09-14,Canada,en,iptv services canadian,service+geo,ca_geo,ca,queued,ok,iptvservicescanadian.ca,.ca
2026-09-14,Canada,en,iptv channels,service,ca_core,ca,queued,ok,iptvchannels.ca,.ca
2026-09-14,Canada,en,iptv channels canada,service+geo,ca_geo,ca,queued,ok,iptvchannelscanada.ca,.ca
2026-09-14,Canada,en,iptv channels canadian,service+geo,ca_geo,ca,queued,ok,iptvchannelscanadian.ca,.ca
2026-09-14,Canada,en,iptv streaming,service,ca_core,ca,queued,ok,iptvstreaming.ca,.ca
2026-09-14,Canada,en,iptv streaming canada,service+geo,ca_geo,ca,queued,ok,iptvstreamingcanada.ca,.ca
2026-09-14,Canada,en,iptv streaming canadian,service+geo,ca_geo,ca,queued,ok,iptvstreamingcanadian.ca,.ca
2026-09-14,Canada,en,iptv player,service,ca_core,ca,queued,ok,iptvplayer.ca,.ca
2026-09-14,Canada,en,iptv player canada,service+geo,ca_geo,ca,queued,ok,iptvplayercanada.ca,.ca
2026-09-14,Canada,en,iptv player canadian,service+geo,ca_geo,ca,queued,ok,iptvplayercanadian.ca,.ca
2026-09-14,Canada,en,iptv app,service,ca_core,ca,queued,ok,iptvapp.ca,.ca
2026-09-14,Canada,en,iptv app canada,service+geo,ca_geo,ca,queued,ok,iptvappcanada.ca,.ca
2026-09-14,Canada,en,iptv app canadian,service+geo,ca_geo,ca,queued,ok,iptvappcanadian.ca,.ca
2026-09-14,Canada,en,iptv box,service,ca_core,ca,queued,ok,iptvbox.ca,.ca
2026-09-14,Canada,en,iptv box canada,service+geo,ca_geo,ca,queued,ok,iptvboxcanada.ca,.ca
2026-09-14,Canada,en,iptv box canadian,service+geo,ca_geo,ca,queued,ok,iptvboxcanadian.ca,.ca
2026-09-14,Canada,en,iptv trial,service,ca_core,ca,queued,ok,iptvtrial.ca,.ca
2026-09-14,Canada,en,iptv trial canada,service+geo,ca_geo,ca,queued,ok,iptvtrialcanada.ca,.ca
2026-09-14,Canada,en,iptv trial canadian,service+geo,ca_geo,ca,queued,ok,iptvtrialcanadian.ca,.ca
2026-09-14,Canada,en,iptv free trial,service,ca_core,ca,queued,ok,iptvfreetrial.ca,.ca
2026-09-14,Canada,en,iptv free trial canada,service+geo,ca_geo,ca,queued,ok,iptvfreetrialcanada.ca,.ca
2026-09-14,Canada,en,iptv free trial canadian,service+geo,ca_geo,ca,queued,ok,iptvfreetrialcanadian.ca,.ca
2026-09-14,Canada,en,iptv premium,service,ca_core,ca,queued,ok,iptvpremium.ca,.ca
2026-09-14,Canada,en,iptv premium canada,service+geo,ca_geo,ca,queued,ok,iptvpremiumcanada.ca,.ca
2026-09-14,Canada,en,iptv premium canadian,service+geo,ca_geo,ca,queued,ok,iptvpremiumcanadian.ca,.ca
2026-09-14,Canada,en,iptv deals,service,ca_core,ca,queued,ok,iptvdeals.ca,.ca
2026-09-14,Canada,en,iptv deals canada,service+geo,ca_geo,ca,queued,ok,iptvdealscanada.ca,.ca
2026-09-14,Canada,en,iptv deals canadian,service+geo,ca_geo,ca,queued,ok,iptvdealscanadian.ca,.ca
2026-09-14,Canada,en,iptv plans,service,ca_core,ca,queued,ok,iptvplans.ca,.ca
2026-09-14,Canada,en,iptv plans canada,service+geo,ca_geo,ca,queued,ok,iptvplanscanada.ca,.ca
2026-09-14,Canada,en,iptv plans canadian,service+geo,ca_geo,ca,queued,ok,iptvplanscanadian.ca,.ca
2026-09-14,Canada,en,iptv packages,service,ca_core,ca,queued,ok,iptvpackages.ca,.ca
2026-09-14,Canada,en,iptv packages canada,service+geo,ca_geo,ca,queued,ok,iptvpackagescanada.ca,.ca
2026-09-14,Canada,en,iptv packages canadian,service+geo,ca_geo,ca,queued,ok,iptvpackagescanadian.ca,.ca
2026-09-14,Canada,en,iptv online,service,ca_core,ca,queued,ok,iptvonline.ca,.ca
2026-09-14,Canada,en,iptv online canada,service+geo,ca_geo,ca,queued,ok,iptvonlinecanada.ca,.ca
2026-09-14,Canada,en,iptv online canadian,service+geo,ca_geo,ca,queued,ok,iptvonlinecanadian.ca,.ca
2026-09-14,Canada,en,iptv for smart tv,device,ca_device,ca,queued,ok,iptvforsmarttv.ca,.ca
2026-09-14,Canada,en,iptv for smart tv canada,device+geo,ca_device,ca,queued,ok,iptvforsmarttvcanada.ca,.ca
2026-09-14,Canada,en,iptv for firestick,device,ca_device,ca,queued,ok,iptvforfirestick.ca,.ca
2026-09-14,Canada,en,iptv for firestick canada,device+geo,ca_device,ca,queued,ok,iptvforfirestickcanada.ca,.ca
2026-09-14,Canada,en,iptv for fire stick,device,ca_device,ca,queued,ok,iptvforfirestick.ca,.ca
2026-09-14,Canada,en,iptv for fire stick canada,device+geo,ca_device,ca,queued,ok,iptvforfirestickcanada.ca,.ca
2026-09-14,Canada,en,iptv for android,device,ca_device,ca,queued,ok,iptvforandroid.ca,.ca
2026-09-14,Canada,en,iptv for android canada,device+geo,ca_device,ca,queued,ok,iptvforandroidcanada.ca,.ca
2026-09-14,Canada,en,iptv for samsung,device,ca_device,ca,queued,ok,iptvforsamsung.ca,.ca
2026-09-14,Canada,en,iptv for samsung canada,device+geo,ca_device,ca,queued,ok,iptvforsamsungcanada.ca,.ca
2026-09-14,Canada,en,iptv for lg,device,ca_device,ca,queued,ok,iptvforlg.ca,.ca
2026-09-14,Canada,en,iptv for lg canada,device+geo,ca_device,ca,queued,ok,iptvforlgcanada.ca,.ca
2026-09-14,Canada,en,iptv for roku,device,ca_device,ca,queued,ok,iptvforroku.ca,.ca
2026-09-14,Canada,en,iptv for roku canada,device+geo,ca_device,ca,queued,ok,iptvforrokucanada.ca,.ca
2026-09-14,Canada,en,iptv for apple tv,device,ca_device,ca,queued,ok,iptvforappletv.ca,.ca
2026-09-14,Canada,en,iptv for apple tv canada,device+geo,ca_device,ca,queued,ok,iptvforappletvcanada.ca,.ca
2026-09-14,Canada,en,iptv firestick,device,ca_device,ca,queued,ok,iptvfirestick.ca,.ca
2026-09-14,Canada,en,iptv firestick canada,device+geo,ca_device,ca,queued,ok,iptvfirestickcanada.ca,.ca
2026-09-14,Canada,en,iptv smart tv,device,ca_device,ca,queued,ok,iptvsmarttv.ca,.ca
2026-09-14,Canada,en,iptv smart tv canada,device+geo,ca_device,ca,queued,ok,iptvsmarttvcanada.ca,.ca
2026-09-14,Canada,en,iptv android box,device,ca_device,ca,queued,ok,iptvandroidbox.ca,.ca
2026-09-14,Canada,en,iptv android box canada,device+geo,ca_device,ca,queued,ok,iptvandroidboxcanada.ca,.ca
2026-09-14,Canada,en,iptv nvidia shield,device,ca_device,ca,queued,ok,iptvnvidiashield.ca,.ca
2026-09-14,Canada,en,iptv nvidia shield canada,device+geo,ca_device,ca,queued,ok,iptvnvidiashieldcanada.ca,.ca
2026-09-14,Canada,en,iptv chromecast,device,ca_device,ca,queued,ok,iptvchromecast.ca,.ca
2026-09-14,Canada,en,iptv chromecast canada,device+geo,ca_device,ca,queued,ok,iptvchromecastcanada.ca,.ca
2026-09-14,Canada,en,iptv mag box,device,ca_device,ca,queued,ok,iptvmagbox.ca,.ca
2026-09-14,Canada,en,iptv mag box canada,device+geo,ca_device,ca,queued,ok,iptvmagboxcanada.ca,.ca
2026-09-14,Canada,en,iptv formuler,device,ca_device,ca,queued,ok,iptvformuler.ca,.ca
2026-09-14,Canada,en,iptv formuler canada,device+geo,ca_device,ca,queued,ok,iptvformulercanada.ca,.ca
2026-09-14,Canada,en,tivimate,app_seo_only,ca_app,ca,queued,ok,tivimate.ca,.ca
2026-09-14,Canada,en,tivimate canada,app+geo,ca_app,ca,queued,ok,tivimatecanada.ca,.ca
2026-09-14,Canada,en,tivimate iptv,app_seo_only,ca_app,ca,queued,ok,tivimateiptv.ca,.ca
2026-09-14,Canada,en,tivimate iptv canada,app+geo,ca_app,ca,queued,ok,tivimateiptvcanada.ca,.ca
2026-09-14,Canada,en,tivimate premium,app_seo_only,ca_app,ca,queued,ok,tivimatepremium.ca,.ca
2026-09-14,Canada,en,tivimate premium canada,app+geo,ca_app,ca,queued,ok,tivimatepremiumcanada.ca,.ca
2026-09-14,Canada,en,tivimate subscription,app_seo_only,ca_app,ca,queued,ok,tivimatesubscription.ca,.ca
2026-09-14,Canada,en,tivimate subscription canada,app+geo,ca_app,ca,queued,ok,cluster-on-country-site,ca
2026-09-14,Canada,en,tivimate playlist,app_seo_only,ca_app,ca,queued,ok,tivimateplaylist.ca,.ca
2026-09-14,Canada,en,tivimate playlist canada,app+geo,ca_app,ca,queued,ok,tivimateplaylistcanada.ca,.ca
2026-09-14,Canada,en,iptv smarters,app_seo_only,ca_app,ca,queued,ok,iptvsmarters.ca,.ca
2026-09-14,Canada,en,iptv smarters canada,app+geo,ca_app,ca,queued,ok,iptvsmarterscanada.ca,.ca
2026-09-14,Canada,en,smarters iptv,app_seo_only,ca_app,ca,queued,ok,smartersiptv.ca,.ca
2026-09-14,Canada,en,smarters iptv canada,app+geo,ca_app,ca,queued,ok,smartersiptvcanada.ca,.ca
2026-09-14,Canada,en,iptv smarters pro,app_seo_only,ca_app,ca,queued,ok,iptvsmarterspro.ca,.ca
2026-09-14,Canada,en,iptv smarters pro canada,app+geo,ca_app,ca,queued,ok,iptvsmartersprocanada.ca,.ca
2026-09-14,Canada,en,smarters pro iptv,app_seo_only,ca_app,ca,queued,ok,smartersproiptv.ca,.ca
2026-09-14,Canada,en,smarters pro iptv canada,app+geo,ca_app,ca,queued,ok,smartersproiptvcanada.ca,.ca
2026-09-14,Canada,en,iptv smarters subscription,app_seo_only,ca_app,ca,queued,ok,iptvsmarterssubscription.ca,.ca
2026-09-14,Canada,en,iptv smarters subscription canada,app+geo,ca_app,ca,queued,ok,cluster-on-country-site,ca
2026-09-14,Canada,en,gse smart iptv,app_seo_only,ca_app,ca,queued,ok,gsesmartiptv.ca,.ca
2026-09-14,Canada,en,gse smart iptv canada,app+geo,ca_app,ca,queued,ok,gsesmartiptvcanada.ca,.ca
2026-09-14,Canada,en,smart iptv app,app_seo_only,ca_app,ca,queued,ok,smartiptvapp.ca,.ca
2026-09-14,Canada,en,smart iptv app canada,app+geo,ca_app,ca,queued,ok,smartiptvappcanada.ca,.ca
2026-09-14,Canada,en,perfect player iptv,app_seo_only,ca_app,ca,queued,ok,perfectplayeriptv.ca,.ca
2026-09-14,Canada,en,perfect player iptv canada,app+geo,ca_app,ca,queued,ok,perfectplayeriptvcanada.ca,.ca
2026-09-14,Canada,en,xceltv,app_seo_only,ca_app,ca,queued,ok,xceltv.ca,.ca
2026-09-14,Canada,en,xceltv canada,app+geo,ca_app,ca,queued,ok,xceltvcanada.ca,.ca
2026-09-14,Canada,en,ott navigator,app_seo_only,ca_app,ca,queued,ok,ottnavigator.ca,.ca
2026-09-14,Canada,en,ott navigator canada,app+geo,ca_app,ca,queued,ok,ottnavigatorcanada.ca,.ca
2026-09-14,Canada,en,iptv extreme,app_seo_only,ca_app,ca,queued,ok,iptvextreme.ca,.ca
2026-09-14,Canada,en,iptv extreme canada,app+geo,ca_app,ca,queued,ok,iptvextremecanada.ca,.ca
2026-09-14,Canada,en,set iptv,app_seo_only,ca_app,ca,queued,ok,setiptv.ca,.ca
2026-09-14,Canada,en,set iptv canada,app+geo,ca_app,ca,queued,ok,setiptvcanada.ca,.ca
2026-09-14,Canada,en,net iptv,app_seo_only,ca_app,ca,queued,ok,netiptv.ca,.ca
2026-09-14,Canada,en,net iptv canada,app+geo,ca_app,ca,queued,ok,netiptvcanada.ca,.ca
2026-09-14,Canada,en,ibo player,app_seo_only,ca_app,ca,queued,ok,iboplayer.ca,.ca
2026-09-14,Canada,en,ibo player canada,app+geo,ca_app,ca,queued,ok,iboplayercanada.ca,.ca
2026-09-14,Canada,en,duplexplay,app_seo_only,ca_app,ca,queued,ok,duplexplay.ca,.ca
2026-09-14,Canada,en,duplexplay canada,app+geo,ca_app,ca,queued,ok,duplexplaycanada.ca,.ca
2026-09-14,Canada,en,iptv player apk,app_seo_only,ca_app,ca,queued,ok,iptvplayerapk.ca,.ca
2026-09-14,Canada,en,iptv player apk canada,app+geo,ca_app,ca,queued,ok,iptvplayerapkcanada.ca,.ca
2026-09-14,Canada,en,iptv toronto,service+city,ca_city,ca,queued,ok,iptvtoronto.ca,.ca
2026-09-14,Canada,en,best iptv toronto,best+city,ca_city,ca,queued,ok,bestiptvtoronto.ca,.ca
2026-09-14,Canada,en,iptv subscription toronto,subscription+city,ca_city,ca,queued,ok,iptvsubscriptiontoronto.ca,.ca
2026-09-14,Canada,en,iptv montreal,service+city,ca_city,ca,queued,ok,iptvmontreal.ca,.ca
2026-09-14,Canada,en,best iptv montreal,best+city,ca_city,ca,queued,ok,bestiptvmontreal.ca,.ca
2026-09-14,Canada,en,iptv subscription montreal,subscription+city,ca_city,ca,queued,ok,iptvsubscriptionmontreal.ca,.ca
2026-09-14,Canada,en,iptv vancouver,service+city,ca_city,ca,queued,ok,iptvvancouver.ca,.ca
2026-09-14,Canada,en,best iptv vancouver,best+city,ca_city,ca,queued,ok,bestiptvvancouver.ca,.ca
2026-09-14,Canada,en,iptv subscription vancouver,subscription+city,ca_city,ca,queued,ok,cluster-on-country-site,ca
2026-09-14,Canada,en,iptv calgary,service+city,ca_city,ca,queued,ok,iptvcalgary.ca,.ca
2026-09-14,Canada,en,best iptv calgary,best+city,ca_city,ca,queued,ok,bestiptvcalgary.ca,.ca
2026-09-14,Canada,en,iptv subscription calgary,subscription+city,ca_city,ca,queued,ok,iptvsubscriptioncalgary.ca,.ca
2026-09-14,Canada,en,iptv ottawa,service+city,ca_city,ca,queued,ok,iptvottawa.ca,.ca
2026-09-14,Canada,en,best iptv ottawa,best+city,ca_city,ca,queued,ok,bestiptvottawa.ca,.ca
2026-09-14,Canada,en,iptv subscription ottawa,subscription+city,ca_city,ca,queued,ok,iptvsubscriptionottawa.ca,.ca
2026-09-14,Canada,en,iptv edmonton,service+city,ca_city,ca,queued,ok,iptvedmonton.ca,.ca
2026-09-14,Canada,en,best iptv edmonton,best+city,ca_city,ca,queued,ok,bestiptvedmonton.ca,.ca
2026-09-14,Canada,en,iptv subscription edmonton,subscription+city,ca_city,ca,queued,ok,iptvsubscriptionedmonton.ca,.ca
2026-09-14,Canada,en,iptv winnipeg,service+city,ca_city,ca,queued,ok,iptvwinnipeg.ca,.ca
2026-09-14,Canada,en,best iptv winnipeg,best+city,ca_city,ca,queued,ok,bestiptvwinnipeg.ca,.ca
2026-09-14,Canada,en,iptv subscription winnipeg,subscription+city,ca_city,ca,queued,ok,iptvsubscriptionwinnipeg.ca,.ca
2026-09-14,Canada,en,iptv quebec city,service+city,ca_city,ca,queued,ok,iptvquebeccity.ca,.ca
2026-09-14,Canada,en,best iptv quebec city,best+city,ca_city,ca,queued,ok,bestiptvquebeccity.ca,.ca
2026-09-14,Canada,en,iptv subscription quebec city,subscription+city,ca_city,ca,queued,ok,cluster-on-country-site,ca
2026-09-14,Canada,en,forfait iptv,local_language,ca_local,ca,queued,ok,forfaitiptv.ca,.ca
2026-09-14,Canada,en,essai iptv,local_language,ca_local,ca,queued,ok,essaiiptv.ca,.ca
2026-09-14,Canada,en,meilleur iptv canada,local_language,ca_local,ca,queued,ok,meilleuriptvcanada.ca,.ca
2026-09-14,Canada,en,abonnement iptv canada,local_language,ca_local,ca,queued,ok,abonnementiptvcanada.ca,.ca
2026-09-14,Canada,en,iptv quebec,local_language,ca_local,ca,queued,ok,iptvquebec.ca,.ca
2026-09-14,Canada,fr,iptv canadien,service+geo,ca_geo,ca,queued,ok,iptvcanadien.ca,.ca
2026-09-14,Canada,fr,best iptv quebec,service+geo,ca_geo,ca,queued,ok,bestiptvquebec.ca,.ca
2026-09-14,Canada,fr,best iptv canadien,service+geo,ca_geo,ca,queued,ok,bestiptvcanadien.ca,.ca
2026-09-14,Canada,fr,iptv provider quebec,service+geo,ca_geo,ca,queued,ok,iptvproviderquebec.ca,.ca
2026-09-14,Canada,fr,iptv provider canadien,service+geo,ca_geo,ca,queued,ok,iptvprovidercanadien.ca,.ca
2026-09-14,Canada,fr,iptv subscription quebec,service+geo,ca_geo,ca,queued,ok,iptvsubscriptionquebec.ca,.ca
2026-09-14,Canada,fr,iptv subscription canadien,service+geo,ca_geo,ca,queued,ok,iptvsubscriptioncanadien.ca,.ca
2026-09-14,Canada,fr,iptv service quebec,service+geo,ca_geo,ca,queued,ok,iptvservicequebec.ca,.ca
2026-09-14,Canada,fr,iptv service canadien,service+geo,ca_geo,ca,queued,ok,iptvservicecanadien.ca,.ca
2026-09-14,Canada,fr,iptv services quebec,service+geo,ca_geo,ca,queued,ok,iptvservicesquebec.ca,.ca
2026-09-14,Canada,fr,iptv services canadien,service+geo,ca_geo,ca,queued,ok,iptvservicescanadien.ca,.ca
2026-09-14,Canada,fr,iptv channels quebec,service+geo,ca_geo,ca,queued,ok,iptvchannelsquebec.ca,.ca
2026-09-14,Canada,fr,iptv channels canadien,service+geo,ca_geo,ca,queued,ok,iptvchannelscanadien.ca,.ca
2026-09-14,Canada,fr,iptv streaming quebec,service+geo,ca_geo,ca,queued,ok,iptvstreamingquebec.ca,.ca
2026-09-14,Canada,fr,iptv streaming canadien,service+geo,ca_geo,ca,queued,ok,iptvstreamingcanadien.ca,.ca
2026-09-14,Canada,fr,iptv player quebec,service+geo,ca_geo,ca,queued,ok,iptvplayerquebec.ca,.ca
2026-09-14,Canada,fr,iptv player canadien,service+geo,ca_geo,ca,queued,ok,iptvplayercanadien.ca,.ca
2026-09-14,Canada,fr,iptv app quebec,service+geo,ca_geo,ca,queued,ok,iptvappquebec.ca,.ca
2026-09-14,Canada,fr,iptv app canadien,service+geo,ca_geo,ca,queued,ok,iptvappcanadien.ca,.ca
2026-09-14,Canada,fr,iptv box quebec,service+geo,ca_geo,ca,queued,ok,iptvboxquebec.ca,.ca
2026-09-14,Canada,fr,iptv box canadien,service+geo,ca_geo,ca,queued,ok,iptvboxcanadien.ca,.ca
2026-09-14,Canada,fr,iptv trial quebec,service+geo,ca_geo,ca,queued,ok,iptvtrialquebec.ca,.ca
2026-09-14,Canada,fr,iptv trial canadien,service+geo,ca_geo,ca,queued,ok,iptvtrialcanadien.ca,.ca
2026-09-14,Canada,fr,iptv free trial quebec,service+geo,ca_geo,ca,queued,ok,iptvfreetrialquebec.ca,.ca
2026-09-14,Canada,fr,iptv free trial canadien,service+geo,ca_geo,ca,queued,ok,iptvfreetrialcanadien.ca,.ca
2026-09-14,Canada,fr,iptv premium quebec,service+geo,ca_geo,ca,queued,ok,iptvpremiumquebec.ca,.ca
2026-09-14,Canada,fr,iptv premium canadien,service+geo,ca_geo,ca,queued,ok,iptvpremiumcanadien.ca,.ca
2026-09-14,Canada,fr,iptv deals quebec,service+geo,ca_geo,ca,queued,ok,iptvdealsquebec.ca,.ca
2026-09-14,Canada,fr,iptv deals canadien,service+geo,ca_geo,ca,queued,ok,iptvdealscanadien.ca,.ca
2026-09-14,Canada,fr,iptv plans quebec,service+geo,ca_geo,ca,queued,ok,iptvplansquebec.ca,.ca
2026-09-14,Canada,fr,iptv plans canadien,service+geo,ca_geo,ca,queued,ok,iptvplanscanadien.ca,.ca
2026-09-14,Canada,fr,iptv packages quebec,service+geo,ca_geo,ca,queued,ok,iptvpackagesquebec.ca,.ca
2026-09-14,Canada,fr,iptv packages canadien,service+geo,ca_geo,ca,queued,ok,iptvpackagescanadien.ca,.ca
2026-09-14,Canada,fr,iptv online quebec,service+geo,ca_geo,ca,queued,ok,iptvonlinequebec.ca,.ca
2026-09-14,Canada,fr,iptv online canadien,service+geo,ca_geo,ca,queued,ok,iptvonlinecanadien.ca,.ca
2026-09-14,Canada,fr,iptv for smart tv quebec,device+geo,ca_device,ca,queued,ok,iptvforsmarttvquebec.ca,.ca
2026-09-14,Canada,fr,iptv for firestick quebec,device+geo,ca_device,ca,queued,ok,iptvforfirestickquebec.ca,.ca
2026-09-14,Canada,fr,iptv for fire stick quebec,device+geo,ca_device,ca,queued,ok,iptvforfirestickquebec.ca,.ca
2026-09-14,Canada,fr,iptv for android quebec,device+geo,ca_device,ca,queued,ok,iptvforandroidquebec.ca,.ca
2026-09-14,Canada,fr,iptv for samsung quebec,device+geo,ca_device,ca,queued,ok,iptvforsamsungquebec.ca,.ca
2026-09-14,Canada,fr,iptv for lg quebec,device+geo,ca_device,ca,queued,ok,iptvforlgquebec.ca,.ca
2026-09-14,Canada,fr,iptv for roku quebec,device+geo,ca_device,ca,queued,ok,iptvforrokuquebec.ca,.ca
2026-09-14,Canada,fr,iptv for apple tv quebec,device+geo,ca_device,ca,queued,ok,iptvforappletvquebec.ca,.ca
2026-09-14,Canada,fr,iptv firestick quebec,device+geo,ca_device,ca,queued,ok,iptvfirestickquebec.ca,.ca
2026-09-14,Canada,fr,iptv smart tv quebec,device+geo,ca_device,ca,queued,ok,iptvsmarttvquebec.ca,.ca
2026-09-14,Canada,fr,iptv android box quebec,device+geo,ca_device,ca,queued,ok,iptvandroidboxquebec.ca,.ca
2026-09-14,Canada,fr,iptv nvidia shield quebec,device+geo,ca_device,ca,queued,ok,iptvnvidiashieldquebec.ca,.ca
2026-09-14,Canada,fr,iptv chromecast quebec,device+geo,ca_device,ca,queued,ok,iptvchromecastquebec.ca,.ca
2026-09-14,Canada,fr,iptv mag box quebec,device+geo,ca_device,ca,queued,ok,iptvmagboxquebec.ca,.ca
2026-09-14,Canada,fr,iptv formuler quebec,device+geo,ca_device,ca,queued,ok,iptvformulerquebec.ca,.ca
2026-09-14,Canada,fr,tivimate quebec,app+geo,ca_app,ca,queued,ok,tivimatequebec.ca,.ca
2026-09-14,Canada,fr,tivimate iptv quebec,app+geo,ca_app,ca,queued,ok,tivimateiptvquebec.ca,.ca
2026-09-14,Canada,fr,tivimate premium quebec,app+geo,ca_app,ca,queued,ok,tivimatepremiumquebec.ca,.ca
2026-09-14,Canada,fr,tivimate subscription quebec,app+geo,ca_app,ca,queued,ok,cluster-on-country-site,ca
2026-09-14,Canada,fr,tivimate playlist quebec,app+geo,ca_app,ca,queued,ok,tivimateplaylistquebec.ca,.ca
2026-09-14,Canada,fr,iptv smarters quebec,app+geo,ca_app,ca,queued,ok,iptvsmartersquebec.ca,.ca
2026-09-14,Canada,fr,smarters iptv quebec,app+geo,ca_app,ca,queued,ok,smartersiptvquebec.ca,.ca
2026-09-14,Canada,fr,iptv smarters pro quebec,app+geo,ca_app,ca,queued,ok,iptvsmartersproquebec.ca,.ca
2026-09-14,Canada,fr,smarters pro iptv quebec,app+geo,ca_app,ca,queued,ok,smartersproiptvquebec.ca,.ca
2026-09-14,Canada,fr,iptv smarters subscription quebec,app+geo,ca_app,ca,queued,ok,cluster-on-country-site,ca
2026-09-14,Canada,fr,gse smart iptv quebec,app+geo,ca_app,ca,queued,ok,gsesmartiptvquebec.ca,.ca
2026-09-14,Canada,fr,smart iptv app quebec,app+geo,ca_app,ca,queued,ok,smartiptvappquebec.ca,.ca
2026-09-14,Canada,fr,perfect player iptv quebec,app+geo,ca_app,ca,queued,ok,perfectplayeriptvquebec.ca,.ca
2026-09-14,Canada,fr,xceltv quebec,app+geo,ca_app,ca,queued,ok,xceltvquebec.ca,.ca
2026-09-14,Canada,fr,ott navigator quebec,app+geo,ca_app,ca,queued,ok,ottnavigatorquebec.ca,.ca
2026-09-14,Canada,fr,iptv extreme quebec,app+geo,ca_app,ca,queued,ok,iptvextremequebec.ca,.ca
2026-09-14,Canada,fr,set iptv quebec,app+geo,ca_app,ca,queued,ok,setiptvquebec.ca,.ca
2026-09-14,Canada,fr,net iptv quebec,app+geo,ca_app,ca,queued,ok,netiptvquebec.ca,.ca
2026-09-14,Canada,fr,ibo player quebec,app+geo,ca_app,ca,queued,ok,iboplayerquebec.ca,.ca
2026-09-14,Canada,fr,duplexplay quebec,app+geo,ca_app,ca,queued,ok,duplexplayquebec.ca,.ca
2026-09-14,Canada,fr,iptv player apk quebec,app+geo,ca_app,ca,queued,ok,iptvplayerapkquebec.ca,.ca
2026-09-14,United States,en,iptv,service,us_core,us,queued,ok,cluster-on-country-site,us
2026-09-14,United States,en,iptv usa,service+geo,us_geo,us,queued,ok,iptvusa.co,.co
2026-09-14,United States,en,iptv us,service+geo,us_geo,us,queued,ok,iptvus.co,.co
2026-09-14,United States,en,iptv america,service+geo,us_geo,us,queued,ok,iptvamerica.co,.co
2026-09-14,United States,en,best iptv,service,us_core,us,queued,ok,bestiptv.co,.co
2026-09-14,United States,en,best iptv usa,service+geo,us_geo,us,queued,ok,bestiptvusa.co,.co
2026-09-14,United States,en,best iptv us,service+geo,us_geo,us,queued,ok,bestiptvus.co,.co
2026-09-14,United States,en,best iptv america,service+geo,us_geo,us,queued,ok,bestiptvamerica.co,.co
2026-09-14,United States,en,iptv provider,service,us_core,us,queued,ok,iptvprovider.co,.co
2026-09-14,United States,en,iptv provider usa,service+geo,us_geo,us,queued,ok,iptvproviderusa.co,.co
2026-09-14,United States,en,iptv provider us,service+geo,us_geo,us,queued,ok,iptvproviderus.co,.co
2026-09-14,United States,en,iptv provider america,service+geo,us_geo,us,queued,ok,iptvprovideramerica.co,.co
2026-09-14,United States,en,iptv subscription,service,us_core,us,queued,ok,iptvsubscription.co,.co
2026-09-14,United States,en,iptv subscription usa,service+geo,us_geo,us,queued,ok,iptvsubscriptionusa.co,.co
2026-09-14,United States,en,iptv subscription us,service+geo,us_geo,us,queued,ok,iptvsubscriptionus.co,.co
2026-09-14,United States,en,iptv subscription america,service+geo,us_geo,us,queued,ok,iptvsubscriptionamerica.co,.co
2026-09-14,United States,en,iptv service,service,us_core,us,queued,ok,iptvservice.co,.co
2026-09-14,United States,en,iptv service usa,service+geo,us_geo,us,queued,ok,iptvserviceusa.co,.co
2026-09-14,United States,en,iptv service us,service+geo,us_geo,us,queued,ok,iptvserviceus.co,.co
2026-09-14,United States,en,iptv service america,service+geo,us_geo,us,queued,ok,iptvserviceamerica.co,.co
2026-09-14,United States,en,iptv services,service,us_core,us,queued,ok,iptvservices.co,.co
2026-09-14,United States,en,iptv services usa,service+geo,us_geo,us,queued,ok,iptvservicesusa.co,.co
2026-09-14,United States,en,iptv services us,service+geo,us_geo,us,queued,ok,iptvservicesus.co,.co
2026-09-14,United States,en,iptv services america,service+geo,us_geo,us,queued,ok,iptvservicesamerica.co,.co
2026-09-14,United States,en,iptv channels,service,us_core,us,queued,ok,iptvchannels.co,.co
2026-09-14,United States,en,iptv channels usa,service+geo,us_geo,us,queued,ok,iptvchannelsusa.co,.co
2026-09-14,United States,en,iptv channels us,service+geo,us_geo,us,queued,ok,iptvchannelsus.co,.co
2026-09-14,United States,en,iptv channels america,service+geo,us_geo,us,queued,ok,iptvchannelsamerica.co,.co
2026-09-14,United States,en,iptv streaming,service,us_core,us,queued,ok,iptvstreaming.co,.co
2026-09-14,United States,en,iptv streaming usa,service+geo,us_geo,us,queued,ok,iptvstreamingusa.co,.co
2026-09-14,United States,en,iptv streaming us,service+geo,us_geo,us,queued,ok,iptvstreamingus.co,.co
2026-09-14,United States,en,iptv streaming america,service+geo,us_geo,us,queued,ok,iptvstreamingamerica.co,.co
2026-09-14,United States,en,iptv player,service,us_core,us,queued,ok,iptvplayer.co,.co
2026-09-14,United States,en,iptv player usa,service+geo,us_geo,us,queued,ok,iptvplayerusa.co,.co
2026-09-14,United States,en,iptv player us,service+geo,us_geo,us,queued,ok,iptvplayerus.co,.co
2026-09-14,United States,en,iptv player america,service+geo,us_geo,us,queued,ok,iptvplayeramerica.co,.co
2026-09-14,United States,en,iptv app,service,us_core,us,queued,ok,iptvapp.co,.co
2026-09-14,United States,en,iptv app usa,service+geo,us_geo,us,queued,ok,iptvappusa.co,.co
2026-09-14,United States,en,iptv app us,service+geo,us_geo,us,queued,ok,iptvappus.co,.co
2026-09-14,United States,en,iptv app america,service+geo,us_geo,us,queued,ok,iptvappamerica.co,.co
2026-09-14,United States,en,iptv box,service,us_core,us,queued,ok,iptvbox.co,.co
2026-09-14,United States,en,iptv box usa,service+geo,us_geo,us,queued,ok,iptvboxusa.co,.co
2026-09-14,United States,en,iptv box us,service+geo,us_geo,us,queued,ok,iptvboxus.co,.co
2026-09-14,United States,en,iptv box america,service+geo,us_geo,us,queued,ok,iptvboxamerica.co,.co
2026-09-14,United States,en,iptv trial,service,us_core,us,queued,ok,iptvtrial.co,.co
2026-09-14,United States,en,iptv trial usa,service+geo,us_geo,us,queued,ok,iptvtrialusa.co,.co
2026-09-14,United States,en,iptv trial us,service+geo,us_geo,us,queued,ok,iptvtrialus.co,.co
2026-09-14,United States,en,iptv trial america,service+geo,us_geo,us,queued,ok,iptvtrialamerica.co,.co
2026-09-14,United States,en,iptv free trial,service,us_core,us,queued,ok,iptvfreetrial.co,.co
2026-09-14,United States,en,iptv free trial usa,service+geo,us_geo,us,queued,ok,iptvfreetrialusa.co,.co
2026-09-14,United States,en,iptv free trial us,service+geo,us_geo,us,queued,ok,iptvfreetrialus.co,.co
2026-09-14,United States,en,iptv free trial america,service+geo,us_geo,us,queued,ok,iptvfreetrialamerica.co,.co
2026-09-14,United States,en,iptv premium,service,us_core,us,queued,ok,iptvpremium.co,.co
2026-09-14,United States,en,iptv premium usa,service+geo,us_geo,us,queued,ok,iptvpremiumusa.co,.co
2026-09-14,United States,en,iptv premium us,service+geo,us_geo,us,queued,ok,iptvpremiumus.co,.co
2026-09-14,United States,en,iptv premium america,service+geo,us_geo,us,queued,ok,iptvpremiumamerica.co,.co
2026-09-14,United States,en,iptv deals,service,us_core,us,queued,ok,iptvdeals.co,.co
2026-09-14,United States,en,iptv deals usa,service+geo,us_geo,us,queued,ok,iptvdealsusa.co,.co
2026-09-14,United States,en,iptv deals us,service+geo,us_geo,us,queued,ok,iptvdealsus.co,.co
2026-09-14,United States,en,iptv deals america,service+geo,us_geo,us,queued,ok,iptvdealsamerica.co,.co
2026-09-14,United States,en,iptv plans,service,us_core,us,queued,ok,iptvplans.co,.co
2026-09-14,United States,en,iptv plans usa,service+geo,us_geo,us,queued,ok,iptvplansusa.co,.co
2026-09-14,United States,en,iptv plans us,service+geo,us_geo,us,queued,ok,iptvplansus.co,.co
2026-09-14,United States,en,iptv plans america,service+geo,us_geo,us,queued,ok,iptvplansamerica.co,.co
2026-09-14,United States,en,iptv packages,service,us_core,us,queued,ok,iptvpackages.co,.co
2026-09-14,United States,en,iptv packages usa,service+geo,us_geo,us,queued,ok,iptvpackagesusa.co,.co
2026-09-14,United States,en,iptv packages us,service+geo,us_geo,us,queued,ok,iptvpackagesus.co,.co
2026-09-14,United States,en,iptv packages america,service+geo,us_geo,us,queued,ok,iptvpackagesamerica.co,.co
2026-09-14,United States,en,iptv online,service,us_core,us,queued,ok,iptvonline.co,.co
2026-09-14,United States,en,iptv online usa,service+geo,us_geo,us,queued,ok,iptvonlineusa.co,.co
2026-09-14,United States,en,iptv online us,service+geo,us_geo,us,queued,ok,iptvonlineus.co,.co
2026-09-14,United States,en,iptv online america,service+geo,us_geo,us,queued,ok,iptvonlineamerica.co,.co
2026-09-14,United States,en,iptv for smart tv,device,us_device,us,queued,ok,iptvforsmarttv.co,.co
2026-09-14,United States,en,iptv for smart tv usa,device+geo,us_device,us,queued,ok,iptvforsmarttvusa.co,.co
2026-09-14,United States,en,iptv for firestick,device,us_device,us,queued,ok,iptvforfirestick.co,.co
2026-09-14,United States,en,iptv for firestick usa,device+geo,us_device,us,queued,ok,iptvforfirestickusa.co,.co
2026-09-14,United States,en,iptv for fire stick,device,us_device,us,queued,ok,iptvforfirestick.co,.co
2026-09-14,United States,en,iptv for fire stick usa,device+geo,us_device,us,queued,ok,iptvforfirestickusa.co,.co
2026-09-14,United States,en,iptv for android,device,us_device,us,queued,ok,iptvforandroid.co,.co
2026-09-14,United States,en,iptv for android usa,device+geo,us_device,us,queued,ok,iptvforandroidusa.co,.co
2026-09-14,United States,en,iptv for samsung,device,us_device,us,queued,ok,iptvforsamsung.co,.co
2026-09-14,United States,en,iptv for samsung usa,device+geo,us_device,us,queued,ok,iptvforsamsungusa.co,.co
2026-09-14,United States,en,iptv for lg,device,us_device,us,queued,ok,iptvforlg.co,.co
2026-09-14,United States,en,iptv for lg usa,device+geo,us_device,us,queued,ok,iptvforlgusa.co,.co
2026-09-14,United States,en,iptv for roku,device,us_device,us,queued,ok,iptvforroku.co,.co
2026-09-14,United States,en,iptv for roku usa,device+geo,us_device,us,queued,ok,iptvforrokuusa.co,.co
2026-09-14,United States,en,iptv for apple tv,device,us_device,us,queued,ok,iptvforappletv.co,.co
2026-09-14,United States,en,iptv for apple tv usa,device+geo,us_device,us,queued,ok,iptvforappletvusa.co,.co
2026-09-14,United States,en,iptv firestick,device,us_device,us,queued,ok,iptvfirestick.co,.co
2026-09-14,United States,en,iptv firestick usa,device+geo,us_device,us,queued,ok,iptvfirestickusa.co,.co
2026-09-14,United States,en,iptv smart tv,device,us_device,us,queued,ok,iptvsmarttv.co,.co
2026-09-14,United States,en,iptv smart tv usa,device+geo,us_device,us,queued,ok,iptvsmarttvusa.co,.co
2026-09-14,United States,en,iptv android box,device,us_device,us,queued,ok,iptvandroidbox.co,.co
2026-09-14,United States,en,iptv android box usa,device+geo,us_device,us,queued,ok,iptvandroidboxusa.co,.co
2026-09-14,United States,en,iptv nvidia shield,device,us_device,us,queued,ok,iptvnvidiashield.co,.co
2026-09-14,United States,en,iptv nvidia shield usa,device+geo,us_device,us,queued,ok,iptvnvidiashieldusa.co,.co
2026-09-14,United States,en,iptv chromecast,device,us_device,us,queued,ok,iptvchromecast.co,.co
2026-09-14,United States,en,iptv chromecast usa,device+geo,us_device,us,queued,ok,iptvchromecastusa.co,.co
2026-09-14,United States,en,iptv mag box,device,us_device,us,queued,ok,iptvmagbox.co,.co
2026-09-14,United States,en,iptv mag box usa,device+geo,us_device,us,queued,ok,iptvmagboxusa.co,.co
2026-09-14,United States,en,iptv formuler,device,us_device,us,queued,ok,iptvformuler.co,.co
2026-09-14,United States,en,iptv formuler usa,device+geo,us_device,us,queued,ok,iptvformulerusa.co,.co
2026-09-14,United States,en,tivimate,app_seo_only,us_app,us,queued,ok,tivimate.co,.co
2026-09-14,United States,en,tivimate usa,app+geo,us_app,us,queued,ok,tivimateusa.co,.co
2026-09-14,United States,en,tivimate iptv,app_seo_only,us_app,us,queued,ok,tivimateiptv.co,.co
2026-09-14,United States,en,tivimate iptv usa,app+geo,us_app,us,queued,ok,tivimateiptvusa.co,.co
2026-09-14,United States,en,tivimate premium,app_seo_only,us_app,us,queued,ok,tivimatepremium.co,.co
2026-09-14,United States,en,tivimate premium usa,app+geo,us_app,us,queued,ok,tivimatepremiumusa.co,.co
2026-09-14,United States,en,tivimate subscription,app_seo_only,us_app,us,queued,ok,tivimatesubscription.co,.co
2026-09-14,United States,en,tivimate subscription usa,app+geo,us_app,us,queued,ok,tivimatesubscriptionusa.co,.co
2026-09-14,United States,en,tivimate playlist,app_seo_only,us_app,us,queued,ok,tivimateplaylist.co,.co
2026-09-14,United States,en,tivimate playlist usa,app+geo,us_app,us,queued,ok,tivimateplaylistusa.co,.co
2026-09-14,United States,en,iptv smarters,app_seo_only,us_app,us,queued,ok,iptvsmarters.co,.co
2026-09-14,United States,en,iptv smarters usa,app+geo,us_app,us,queued,ok,iptvsmartersusa.co,.co
2026-09-14,United States,en,smarters iptv,app_seo_only,us_app,us,queued,ok,smartersiptv.co,.co
2026-09-14,United States,en,smarters iptv usa,app+geo,us_app,us,queued,ok,smartersiptvusa.co,.co
2026-09-14,United States,en,iptv smarters pro,app_seo_only,us_app,us,queued,ok,iptvsmarterspro.co,.co
2026-09-14,United States,en,iptv smarters pro usa,app+geo,us_app,us,queued,ok,iptvsmartersprousa.co,.co
2026-09-14,United States,en,smarters pro iptv,app_seo_only,us_app,us,queued,ok,smartersproiptv.co,.co
2026-09-14,United States,en,smarters pro iptv usa,app+geo,us_app,us,queued,ok,smartersproiptvusa.co,.co
2026-09-14,United States,en,iptv smarters subscription,app_seo_only,us_app,us,queued,ok,iptvsmarterssubscription.co,.co
2026-09-14,United States,en,iptv smarters subscription usa,app+geo,us_app,us,queued,ok,cluster-on-country-site,us
2026-09-14,United States,en,gse smart iptv,app_seo_only,us_app,us,queued,ok,gsesmartiptv.co,.co
2026-09-14,United States,en,gse smart iptv usa,app+geo,us_app,us,queued,ok,gsesmartiptvusa.co,.co
2026-09-14,United States,en,smart iptv app,app_seo_only,us_app,us,queued,ok,smartiptvapp.co,.co
2026-09-14,United States,en,smart iptv app usa,app+geo,us_app,us,queued,ok,smartiptvappusa.co,.co
2026-09-14,United States,en,perfect player iptv,app_seo_only,us_app,us,queued,ok,perfectplayeriptv.co,.co
2026-09-14,United States,en,perfect player iptv usa,app+geo,us_app,us,queued,ok,perfectplayeriptvusa.co,.co
2026-09-14,United States,en,xceltv,app_seo_only,us_app,us,queued,ok,xceltv.co,.co
2026-09-14,United States,en,xceltv usa,app+geo,us_app,us,queued,ok,xceltvusa.co,.co
2026-09-14,United States,en,ott navigator,app_seo_only,us_app,us,queued,ok,ottnavigator.co,.co
2026-09-14,United States,en,ott navigator usa,app+geo,us_app,us,queued,ok,ottnavigatorusa.co,.co
2026-09-14,United States,en,iptv extreme,app_seo_only,us_app,us,queued,ok,iptvextreme.co,.co
2026-09-14,United States,en,iptv extreme usa,app+geo,us_app,us,queued,ok,iptvextremeusa.co,.co
2026-09-14,United States,en,set iptv,app_seo_only,us_app,us,queued,ok,setiptv.co,.co
2026-09-14,United States,en,set iptv usa,app+geo,us_app,us,queued,ok,setiptvusa.co,.co
2026-09-14,United States,en,net iptv,app_seo_only,us_app,us,queued,ok,netiptv.co,.co
2026-09-14,United States,en,net iptv usa,app+geo,us_app,us,queued,ok,netiptvusa.co,.co
2026-09-14,United States,en,ibo player,app_seo_only,us_app,us,queued,ok,iboplayer.co,.co
2026-09-14,United States,en,ibo player usa,app+geo,us_app,us,queued,ok,iboplayerusa.co,.co
2026-09-14,United States,en,duplexplay,app_seo_only,us_app,us,queued,ok,duplexplay.co,.co
2026-09-14,United States,en,duplexplay usa,app+geo,us_app,us,queued,ok,duplexplayusa.co,.co
2026-09-14,United States,en,iptv player apk,app_seo_only,us_app,us,queued,ok,iptvplayerapk.co,.co
2026-09-14,United States,en,iptv player apk usa,app+geo,us_app,us,queued,ok,iptvplayerapkusa.co,.co
2026-09-14,United States,en,iptv new york,service+city,us_city,us,queued,ok,iptvnewyork.co,.co
2026-09-14,United States,en,best iptv new york,best+city,us_city,us,queued,ok,bestiptvnewyork.co,.co
2026-09-14,United States,en,iptv subscription new york,subscription+city,us_city,us,queued,ok,iptvsubscriptionnewyork.co,.co
2026-09-14,United States,en,iptv los angeles,service+city,us_city,us,queued,ok,iptvlosangeles.co,.co
2026-09-14,United States,en,best iptv los angeles,best+city,us_city,us,queued,ok,bestiptvlosangeles.co,.co
2026-09-14,United States,en,iptv subscription los angeles,subscription+city,us_city,us,queued,ok,cluster-on-country-site,us
2026-09-14,United States,en,iptv chicago,service+city,us_city,us,queued,ok,iptvchicago.co,.co
2026-09-14,United States,en,best iptv chicago,best+city,us_city,us,queued,ok,bestiptvchicago.co,.co
2026-09-14,United States,en,iptv subscription chicago,subscription+city,us_city,us,queued,ok,iptvsubscriptionchicago.co,.co
2026-09-14,United States,en,iptv houston,service+city,us_city,us,queued,ok,iptvhouston.co,.co
2026-09-14,United States,en,best iptv houston,best+city,us_city,us,queued,ok,bestiptvhouston.co,.co
2026-09-14,United States,en,iptv subscription houston,subscription+city,us_city,us,queued,ok,iptvsubscriptionhouston.co,.co
2026-09-14,United States,en,iptv miami,service+city,us_city,us,queued,ok,iptvmiami.co,.co
2026-09-14,United States,en,best iptv miami,best+city,us_city,us,queued,ok,bestiptvmiami.co,.co
2026-09-14,United States,en,iptv subscription miami,subscription+city,us_city,us,queued,ok,iptvsubscriptionmiami.co,.co
2026-09-14,United Kingdom,en,iptv,service,uk_core,uk,queued,ok,cluster-on-country-site,uk
2026-09-14,United Kingdom,en,iptv uk,service+geo,uk_geo,uk,queued,ok,brandable-no-iptv-in-uk-tld,.co
2026-09-14,United Kingdom,en,iptv britain,service+geo,uk_geo,uk,queued,ok,brandable-no-iptv-in-uk-tld,.co
2026-09-14,United Kingdom,en,iptv british,service+geo,uk_geo,uk,queued,ok,brandable-no-iptv-in-uk-tld,.co
2026-09-14,United Kingdom,en,best iptv,service,uk_core,uk,queued,ok,brandable-no-iptv-in-uk-tld,.co
2026-09-14,United Kingdom,en,best iptv uk,service+geo,uk_geo,uk,queued,ok,brandable-no-iptv-in-uk-tld,.co
2026-09-14,United Kingdom,en,best iptv britain,service+geo,uk_geo,uk,queued,ok,brandable-no-iptv-in-uk-tld,.co
2026-09-14,United Kingdom,en,best iptv british,service+geo,uk_geo,uk,queued,ok,brandable-no-iptv-in-uk-tld,.co
2026-09-14,United Kingdom,en,iptv provider,service,uk_core,uk,queued,ok,brandable-no-iptv-in-uk-tld,.co
2026-09-14,United Kingdom,en,iptv provider uk,service+geo,uk_geo,uk,queued,ok,brandable-no-iptv-in-uk-tld,.co
2026-09-14,United Kingdom,en,iptv provider britain,service+geo,uk_geo,uk,queued,ok,brandable-no-iptv-in-uk-tld,.co
2026-09-14,United Kingdom,en,iptv provider british,service+geo,uk_geo,uk,queued,ok,brandable-no-iptv-in-uk-tld,.co
2026-09-14,United Kingdom,en,iptv subscription,service,uk_core,uk,queued,ok,brandable-no-iptv-in-uk-tld,.co
2026-09-14,United Kingdom,en,iptv subscription uk,service+geo,uk_geo,uk,queued,ok,brandable-no-iptv-in-uk-tld,.co
2026-09-14,United Kingdom,en,iptv subscription britain,service+geo,uk_geo,uk,queued,ok,brandable-no-iptv-in-uk-tld,.co
2026-09-14,United Kingdom,en,iptv subscription british,service+geo,uk_geo,uk,queued,ok,brandable-no-iptv-in-uk-tld,.co
2026-09-14,United Kingdom,en,iptv service,service,uk_core,uk,queued,ok,brandable-no-iptv-in-uk-tld,.co
2026-09-14,United Kingdom,en,iptv service uk,service+geo,uk_geo,uk,queued,ok,brandable-no-iptv-in-uk-tld,.co
2026-09-14,United Kingdom,en,iptv service britain,service+geo,uk_geo,uk,queued,ok,brandable-no-iptv-in-uk-tld,.co
2026-09-14,United Kingdom,en,iptv service british,service+geo,uk_geo,uk,queued,ok,brandable-no-iptv-in-uk-tld,.co
2026-09-14,United Kingdom,en,iptv services,service,uk_core,uk,queued,ok,brandable-no-iptv-in-uk-tld,.co
2026-09-14,United Kingdom,en,iptv services uk,service+geo,uk_geo,uk,queued,ok,brandable-no-iptv-in-uk-tld,.co
2026-09-14,United Kingdom,en,iptv services britain,service+geo,uk_geo,uk,queued,ok,brandable-no-iptv-in-uk-tld,.co
2026-09-14,United Kingdom,en,iptv services british,service+geo,uk_geo,uk,queued,ok,brandable-no-iptv-in-uk-tld,.co
2026-09-14,United Kingdom,en,iptv channels,service,uk_core,uk,queued,ok,brandable-no-iptv-in-uk-tld,.co
2026-09-14,United Kingdom,en,iptv channels uk,service+geo,uk_geo,uk,queued,ok,brandable-no-iptv-in-uk-tld,.co
2026-09-14,United Kingdom,en,iptv channels britain,service+geo,uk_geo,uk,queued,ok,brandable-no-iptv-in-uk-tld,.co
2026-09-14,United Kingdom,en,iptv channels british,service+geo,uk_geo,uk,queued,ok,brandable-no-iptv-in-uk-tld,.co
2026-09-14,United Kingdom,en,iptv streaming,service,uk_core,uk,queued,ok,brandable-no-iptv-in-uk-tld,.co
2026-09-14,United Kingdom,en,iptv streaming uk,service+geo,uk_geo,uk,queued,ok,brandable-no-iptv-in-uk-tld,.co
2026-09-14,United Kingdom,en,iptv streaming britain,service+geo,uk_geo,uk,queued,ok,brandable-no-iptv-in-uk-tld,.co
2026-09-14,United Kingdom,en,iptv streaming british,service+geo,uk_geo,uk,queued,ok,brandable-no-iptv-in-uk-tld,.co
2026-09-14,United Kingdom,en,iptv player,service,uk_core,uk,queued,ok,brandable-no-iptv-in-uk-tld,.co
2026-09-14,United Kingdom,en,iptv player uk,service+geo,uk_geo,uk,queued,ok,brandable-no-iptv-in-uk-tld,.co
2026-09-14,United Kingdom,en,iptv player britain,service+geo,uk_geo,uk,queued,ok,brandable-no-iptv-in-uk-tld,.co
2026-09-14,United Kingdom,en,iptv player british,service+geo,uk_geo,uk,queued,ok,brandable-no-iptv-in-uk-tld,.co
2026-09-14,United Kingdom,en,iptv app,service,uk_core,uk,queued,ok,brandable-no-iptv-in-uk-tld,.co
2026-09-14,United Kingdom,en,iptv app uk,service+geo,uk_geo,uk,queued,ok,brandable-no-iptv-in-uk-tld,.co
2026-09-14,United Kingdom,en,iptv app britain,service+geo,uk_geo,uk,queued,ok,brandable-no-iptv-in-uk-tld,.co
2026-09-14,United Kingdom,en,iptv app british,service+geo,uk_geo,uk,queued,ok,brandable-no-iptv-in-uk-tld,.co
2026-09-14,United Kingdom,en,iptv box,service,uk_core,uk,queued,ok,brandable-no-iptv-in-uk-tld,.co
2026-09-14,United Kingdom,en,iptv box uk,service+geo,uk_geo,uk,queued,ok,brandable-no-iptv-in-uk-tld,.co
2026-09-14,United Kingdom,en,iptv box britain,service+geo,uk_geo,uk,queued,ok,brandable-no-iptv-in-uk-tld,.co
2026-09-14,United Kingdom,en,iptv box british,service+geo,uk_geo,uk,queued,ok,brandable-no-iptv-in-uk-tld,.co
2026-09-14,United Kingdom,en,iptv trial,service,uk_core,uk,queued,ok,brandable-no-iptv-in-uk-tld,.co
2026-09-14,United Kingdom,en,iptv trial uk,service+geo,uk_geo,uk,queued,ok,brandable-no-iptv-in-uk-tld,.co
2026-09-14,United Kingdom,en,iptv trial britain,service+geo,uk_geo,uk,queued,ok,brandable-no-iptv-in-uk-tld,.co
2026-09-14,United Kingdom,en,iptv trial british,service+geo,uk_geo,uk,queued,ok,brandable-no-iptv-in-uk-tld,.co
2026-09-14,United Kingdom,en,iptv free trial,service,uk_core,uk,queued,ok,brandable-no-iptv-in-uk-tld,.co
2026-09-14,United Kingdom,en,iptv free trial uk,service+geo,uk_geo,uk,queued,ok,brandable-no-iptv-in-uk-tld,.co
2026-09-14,United Kingdom,en,iptv free trial britain,service+geo,uk_geo,uk,queued,ok,brandable-no-iptv-in-uk-tld,.co
2026-09-14,United Kingdom,en,iptv free trial british,service+geo,uk_geo,uk,queued,ok,brandable-no-iptv-in-uk-tld,.co
2026-09-14,United Kingdom,en,iptv premium,service,uk_core,uk,queued,ok,brandable-no-iptv-in-uk-tld,.co
2026-09-14,United Kingdom,en,iptv premium uk,service+geo,uk_geo,uk,queued,ok,brandable-no-iptv-in-uk-tld,.co
2026-09-14,United Kingdom,en,iptv premium britain,service+geo,uk_geo,uk,queued,ok,brandable-no-iptv-in-uk-tld,.co
2026-09-14,United Kingdom,en,iptv premium british,service+geo,uk_geo,uk,queued,ok,brandable-no-iptv-in-uk-tld,.co
2026-09-14,United Kingdom,en,iptv deals,service,uk_core,uk,queued,ok,brandable-no-iptv-in-uk-tld,.co
2026-09-14,United Kingdom,en,iptv deals uk,service+geo,uk_geo,uk,queued,ok,brandable-no-iptv-in-uk-tld,.co
2026-09-14,United Kingdom,en,iptv deals britain,service+geo,uk_geo,uk,queued,ok,brandable-no-iptv-in-uk-tld,.co
2026-09-14,United Kingdom,en,iptv deals british,service+geo,uk_geo,uk,queued,ok,brandable-no-iptv-in-uk-tld,.co
2026-09-14,United Kingdom,en,iptv plans,service,uk_core,uk,queued,ok,brandable-no-iptv-in-uk-tld,.co
2026-09-14,United Kingdom,en,iptv plans uk,service+geo,uk_geo,uk,queued,ok,brandable-no-iptv-in-uk-tld,.co
2026-09-14,United Kingdom,en,iptv plans britain,service+geo,uk_geo,uk,queued,ok,brandable-no-iptv-in-uk-tld,.co
2026-09-14,United Kingdom,en,iptv plans british,service+geo,uk_geo,uk,queued,ok,brandable-no-iptv-in-uk-tld,.co
2026-09-14,United Kingdom,en,iptv packages,service,uk_core,uk,queued,ok,brandable-no-iptv-in-uk-tld,.co
2026-09-14,United Kingdom,en,iptv packages uk,service+geo,uk_geo,uk,queued,ok,brandable-no-iptv-in-uk-tld,.co
2026-09-14,United Kingdom,en,iptv packages britain,service+geo,uk_geo,uk,queued,ok,brandable-no-iptv-in-uk-tld,.co
2026-09-14,United Kingdom,en,iptv packages british,service+geo,uk_geo,uk,queued,ok,brandable-no-iptv-in-uk-tld,.co
2026-09-14,United Kingdom,en,iptv online,service,uk_core,uk,queued,ok,brandable-no-iptv-in-uk-tld,.co
2026-09-14,United Kingdom,en,iptv online uk,service+geo,uk_geo,uk,queued,ok,brandable-no-iptv-in-uk-tld,.co
2026-09-14,United Kingdom,en,iptv online britain,service+geo,uk_geo,uk,queued,ok,brandable-no-iptv-in-uk-tld,.co
2026-09-14,United Kingdom,en,iptv online british,service+geo,uk_geo,uk,queued,ok,brandable-no-iptv-in-uk-tld,.co
2026-09-14,United Kingdom,en,iptv for smart tv,device,uk_device,uk,queued,ok,brandable-no-iptv-in-uk-tld,.co
2026-09-14,United Kingdom,en,iptv for smart tv uk,device+geo,uk_device,uk,queued,ok,brandable-no-iptv-in-uk-tld,.co
2026-09-14,United Kingdom,en,iptv for firestick,device,uk_device,uk,queued,ok,brandable-no-iptv-in-uk-tld,.co
2026-09-14,United Kingdom,en,iptv for firestick uk,device+geo,uk_device,uk,queued,ok,brandable-no-iptv-in-uk-tld,.co
2026-09-14,United Kingdom,en,iptv for fire stick,device,uk_device,uk,queued,ok,brandable-no-iptv-in-uk-tld,.co
2026-09-14,United Kingdom,en,iptv for fire stick uk,device+geo,uk_device,uk,queued,ok,brandable-no-iptv-in-uk-tld,.co
2026-09-14,United Kingdom,en,iptv for android,device,uk_device,uk,queued,ok,brandable-no-iptv-in-uk-tld,.co
2026-09-14,United Kingdom,en,iptv for android uk,device+geo,uk_device,uk,queued,ok,brandable-no-iptv-in-uk-tld,.co
2026-09-14,United Kingdom,en,iptv for samsung,device,uk_device,uk,queued,ok,brandable-no-iptv-in-uk-tld,.co
2026-09-14,United Kingdom,en,iptv for samsung uk,device+geo,uk_device,uk,queued,ok,brandable-no-iptv-in-uk-tld,.co
2026-09-14,United Kingdom,en,iptv for lg,device,uk_device,uk,queued,ok,brandable-no-iptv-in-uk-tld,.co
2026-09-14,United Kingdom,en,iptv for lg uk,device+geo,uk_device,uk,queued,ok,brandable-no-iptv-in-uk-tld,.co
2026-09-14,United Kingdom,en,iptv for roku,device,uk_device,uk,queued,ok,brandable-no-iptv-in-uk-tld,.co
2026-09-14,United Kingdom,en,iptv for roku uk,device+geo,uk_device,uk,queued,ok,brandable-no-iptv-in-uk-tld,.co
2026-09-14,United Kingdom,en,iptv for apple tv,device,uk_device,uk,queued,ok,brandable-no-iptv-in-uk-tld,.co
2026-09-14,United Kingdom,en,iptv for apple tv uk,device+geo,uk_device,uk,queued,ok,brandable-no-iptv-in-uk-tld,.co
2026-09-14,United Kingdom,en,iptv firestick,device,uk_device,uk,queued,ok,brandable-no-iptv-in-uk-tld,.co
2026-09-14,United Kingdom,en,iptv firestick uk,device+geo,uk_device,uk,queued,ok,brandable-no-iptv-in-uk-tld,.co
2026-09-14,United Kingdom,en,iptv smart tv,device,uk_device,uk,queued,ok,brandable-no-iptv-in-uk-tld,.co
2026-09-14,United Kingdom,en,iptv smart tv uk,device+geo,uk_device,uk,queued,ok,brandable-no-iptv-in-uk-tld,.co
2026-09-14,United Kingdom,en,iptv android box,device,uk_device,uk,queued,ok,brandable-no-iptv-in-uk-tld,.co
2026-09-14,United Kingdom,en,iptv android box uk,device+geo,uk_device,uk,queued,ok,brandable-no-iptv-in-uk-tld,.co
2026-09-14,United Kingdom,en,iptv nvidia shield,device,uk_device,uk,queued,ok,brandable-no-iptv-in-uk-tld,.co
2026-09-14,United Kingdom,en,iptv nvidia shield uk,device+geo,uk_device,uk,queued,ok,brandable-no-iptv-in-uk-tld,.co
2026-09-14,United Kingdom,en,iptv chromecast,device,uk_device,uk,queued,ok,brandable-no-iptv-in-uk-tld,.co
2026-09-14,United Kingdom,en,iptv chromecast uk,device+geo,uk_device,uk,queued,ok,brandable-no-iptv-in-uk-tld,.co
2026-09-14,United Kingdom,en,iptv mag box,device,uk_device,uk,queued,ok,brandable-no-iptv-in-uk-tld,.co
2026-09-14,United Kingdom,en,iptv mag box uk,device+geo,uk_device,uk,queued,ok,brandable-no-iptv-in-uk-tld,.co
2026-09-14,United Kingdom,en,iptv formuler,device,uk_device,uk,queued,ok,brandable-no-iptv-in-uk-tld,.co
2026-09-14,United Kingdom,en,iptv formuler uk,device+geo,uk_device,uk,queued,ok,brandable-no-iptv-in-uk-tld,.co
2026-09-14,United Kingdom,en,tivimate,app_seo_only,uk_app,uk,queued,ok,tivimate.co,.co
2026-09-14,United Kingdom,en,tivimate uk,app+geo,uk_app,uk,queued,ok,tivimateuk.co,.co
2026-09-14,United Kingdom,en,tivimate iptv,app_seo_only,uk_app,uk,queued,ok,brandable-no-iptv-in-uk-tld,.co
2026-09-14,United Kingdom,en,tivimate iptv uk,app+geo,uk_app,uk,queued,ok,brandable-no-iptv-in-uk-tld,.co
2026-09-14,United Kingdom,en,tivimate premium,app_seo_only,uk_app,uk,queued,ok,tivimatepremium.co,.co
2026-09-14,United Kingdom,en,tivimate premium uk,app+geo,uk_app,uk,queued,ok,tivimatepremiumuk.co,.co
2026-09-14,United Kingdom,en,tivimate subscription,app_seo_only,uk_app,uk,queued,ok,tivimatesubscription.co,.co
2026-09-14,United Kingdom,en,tivimate subscription uk,app+geo,uk_app,uk,queued,ok,tivimatesubscriptionuk.co,.co
2026-09-14,United Kingdom,en,tivimate playlist,app_seo_only,uk_app,uk,queued,ok,tivimateplaylist.co,.co
2026-09-14,United Kingdom,en,tivimate playlist uk,app+geo,uk_app,uk,queued,ok,tivimateplaylistuk.co,.co
2026-09-14,United Kingdom,en,iptv smarters,app_seo_only,uk_app,uk,queued,ok,brandable-no-iptv-in-uk-tld,.co
2026-09-14,United Kingdom,en,iptv smarters uk,app+geo,uk_app,uk,queued,ok,brandable-no-iptv-in-uk-tld,.co
2026-09-14,United Kingdom,en,smarters iptv,app_seo_only,uk_app,uk,queued,ok,brandable-no-iptv-in-uk-tld,.co
2026-09-14,United Kingdom,en,smarters iptv uk,app+geo,uk_app,uk,queued,ok,brandable-no-iptv-in-uk-tld,.co
2026-09-14,United Kingdom,en,iptv smarters pro,app_seo_only,uk_app,uk,queued,ok,brandable-no-iptv-in-uk-tld,.co
2026-09-14,United Kingdom,en,iptv smarters pro uk,app+geo,uk_app,uk,queued,ok,brandable-no-iptv-in-uk-tld,.co
2026-09-14,United Kingdom,en,smarters pro iptv,app_seo_only,uk_app,uk,queued,ok,brandable-no-iptv-in-uk-tld,.co
2026-09-14,United Kingdom,en,smarters pro iptv uk,app+geo,uk_app,uk,queued,ok,brandable-no-iptv-in-uk-tld,.co
2026-09-14,United Kingdom,en,iptv smarters subscription,app_seo_only,uk_app,uk,queued,ok,brandable-no-iptv-in-uk-tld,.co
2026-09-14,United Kingdom,en,iptv smarters subscription uk,app+geo,uk_app,uk,queued,ok,cluster-on-country-site,uk
2026-09-14,United Kingdom,en,gse smart iptv,app_seo_only,uk_app,uk,queued,ok,brandable-no-iptv-in-uk-tld,.co
2026-09-14,United Kingdom,en,gse smart iptv uk,app+geo,uk_app,uk,queued,ok,brandable-no-iptv-in-uk-tld,.co
2026-09-14,United Kingdom,en,smart iptv app,app_seo_only,uk_app,uk,queued,ok,brandable-no-iptv-in-uk-tld,.co
2026-09-14,United Kingdom,en,smart iptv app uk,app+geo,uk_app,uk,queued,ok,brandable-no-iptv-in-uk-tld,.co
2026-09-14,United Kingdom,en,perfect player iptv,app_seo_only,uk_app,uk,queued,ok,brandable-no-iptv-in-uk-tld,.co
2026-09-14,United Kingdom,en,perfect player iptv uk,app+geo,uk_app,uk,queued,ok,brandable-no-iptv-in-uk-tld,.co
2026-09-14,United Kingdom,en,xceltv,app_seo_only,uk_app,uk,queued,ok,xceltv.co,.co
2026-09-14,United Kingdom,en,xceltv uk,app+geo,uk_app,uk,queued,ok,xceltvuk.co,.co
2026-09-14,United Kingdom,en,ott navigator,app_seo_only,uk_app,uk,queued,ok,ottnavigator.co,.co
2026-09-14,United Kingdom,en,ott navigator uk,app+geo,uk_app,uk,queued,ok,ottnavigatoruk.co,.co
2026-09-14,United Kingdom,en,iptv extreme,app_seo_only,uk_app,uk,queued,ok,brandable-no-iptv-in-uk-tld,.co
2026-09-14,United Kingdom,en,iptv extreme uk,app+geo,uk_app,uk,queued,ok,brandable-no-iptv-in-uk-tld,.co
2026-09-14,United Kingdom,en,set iptv,app_seo_only,uk_app,uk,queued,ok,brandable-no-iptv-in-uk-tld,.co
2026-09-14,United Kingdom,en,set iptv uk,app+geo,uk_app,uk,queued,ok,brandable-no-iptv-in-uk-tld,.co
2026-09-14,United Kingdom,en,net iptv,app_seo_only,uk_app,uk,queued,ok,brandable-no-iptv-in-uk-tld,.co
2026-09-14,United Kingdom,en,net iptv uk,app+geo,uk_app,uk,queued,ok,brandable-no-iptv-in-uk-tld,.co
2026-09-14,United Kingdom,en,ibo player,app_seo_only,uk_app,uk,queued,ok,iboplayer.co,.co
2026-09-14,United Kingdom,en,ibo player uk,app+geo,uk_app,uk,queued,ok,iboplayeruk.co,.co
2026-09-14,United Kingdom,en,duplexplay,app_seo_only,uk_app,uk,queued,ok,duplexplay.co,.co
2026-09-14,United Kingdom,en,duplexplay uk,app+geo,uk_app,uk,queued,ok,duplexplayuk.co,.co
2026-09-14,United Kingdom,en,iptv player apk,app_seo_only,uk_app,uk,queued,ok,brandable-no-iptv-in-uk-tld,.co
2026-09-14,United Kingdom,en,iptv player apk uk,app+geo,uk_app,uk,queued,ok,brandable-no-iptv-in-uk-tld,.co
2026-09-14,United Kingdom,en,iptv london,service+city,uk_city,uk,queued,ok,brandable-no-iptv-in-uk-tld,.co
2026-09-14,United Kingdom,en,best iptv london,best+city,uk_city,uk,queued,ok,brandable-no-iptv-in-uk-tld,.co
2026-09-14,United Kingdom,en,iptv subscription london,subscription+city,uk_city,uk,queued,ok,brandable-no-iptv-in-uk-tld,.co
2026-09-14,United Kingdom,en,iptv manchester,service+city,uk_city,uk,queued,ok,brandable-no-iptv-in-uk-tld,.co
2026-09-14,United Kingdom,en,best iptv manchester,best+city,uk_city,uk,queued,ok,brandable-no-iptv-in-uk-tld,.co
2026-09-14,United Kingdom,en,iptv subscription manchester,subscription+city,uk_city,uk,queued,ok,cluster-on-country-site,uk
2026-09-14,United Kingdom,en,iptv birmingham,service+city,uk_city,uk,queued,ok,brandable-no-iptv-in-uk-tld,.co
2026-09-14,United Kingdom,en,best iptv birmingham,best+city,uk_city,uk,queued,ok,brandable-no-iptv-in-uk-tld,.co
2026-09-14,United Kingdom,en,iptv subscription birmingham,subscription+city,uk_city,uk,queued,ok,cluster-on-country-site,uk
2026-09-14,United Kingdom,en,iptv glasgow,service+city,uk_city,uk,queued,ok,brandable-no-iptv-in-uk-tld,.co
2026-09-14,United Kingdom,en,best iptv glasgow,best+city,uk_city,uk,queued,ok,brandable-no-iptv-in-uk-tld,.co
2026-09-14,United Kingdom,en,iptv subscription glasgow,subscription+city,uk_city,uk,queued,ok,brandable-no-iptv-in-uk-tld,.co
2026-09-14,France,fr,iptv,service,fr_core,fr,queued,ok,cluster-on-country-site,fr
2026-09-14,France,fr,iptv france,service+geo,fr_geo,fr,queued,ok,TAKEN:iptvfrance.fr,.fr
2026-09-14,France,fr,iptv francais,service+geo,fr_geo,fr,queued,ok,iptvfrancais.fr,.fr
2026-09-14,France,fr,best iptv,service,fr_core,fr,queued,ok,bestiptv.fr,.fr
2026-09-14,France,fr,best iptv france,service+geo,fr_geo,fr,queued,ok,bestiptvfrance.fr,.fr
2026-09-14,France,fr,best iptv francais,service+geo,fr_geo,fr,queued,ok,bestiptvfrancais.fr,.fr
2026-09-14,France,fr,iptv provider,service,fr_core,fr,queued,ok,iptvprovider.fr,.fr
2026-09-14,France,fr,iptv provider france,service+geo,fr_geo,fr,queued,ok,iptvproviderfrance.fr,.fr
2026-09-14,France,fr,iptv provider francais,service+geo,fr_geo,fr,queued,ok,iptvproviderfrancais.fr,.fr
2026-09-14,France,fr,iptv subscription,service,fr_core,fr,queued,ok,iptvsubscription.fr,.fr
2026-09-14,France,fr,iptv subscription france,service+geo,fr_geo,fr,queued,ok,iptvsubscriptionfrance.fr,.fr
2026-09-14,France,fr,iptv subscription francais,service+geo,fr_geo,fr,queued,ok,iptvsubscriptionfrancais.fr,.fr
2026-09-14,France,fr,iptv service,service,fr_core,fr,queued,ok,iptvservice.fr,.fr
2026-09-14,France,fr,iptv service france,service+geo,fr_geo,fr,queued,ok,iptvservicefrance.fr,.fr
2026-09-14,France,fr,iptv service francais,service+geo,fr_geo,fr,queued,ok,iptvservicefrancais.fr,.fr
2026-09-14,France,fr,iptv services,service,fr_core,fr,queued,ok,iptvservices.fr,.fr
2026-09-14,France,fr,iptv services france,service+geo,fr_geo,fr,queued,ok,iptvservicesfrance.fr,.fr
2026-09-14,France,fr,iptv services francais,service+geo,fr_geo,fr,queued,ok,iptvservicesfrancais.fr,.fr
2026-09-14,France,fr,iptv channels,service,fr_core,fr,queued,ok,iptvchannels.fr,.fr
2026-09-14,France,fr,iptv channels france,service+geo,fr_geo,fr,queued,ok,iptvchannelsfrance.fr,.fr
2026-09-14,France,fr,iptv channels francais,service+geo,fr_geo,fr,queued,ok,iptvchannelsfrancais.fr,.fr
2026-09-14,France,fr,iptv streaming,service,fr_core,fr,queued,ok,iptvstreaming.fr,.fr
2026-09-14,France,fr,iptv streaming france,service+geo,fr_geo,fr,queued,ok,iptvstreamingfrance.fr,.fr
2026-09-14,France,fr,iptv streaming francais,service+geo,fr_geo,fr,queued,ok,iptvstreamingfrancais.fr,.fr
2026-09-14,France,fr,iptv player,service,fr_core,fr,queued,ok,iptvplayer.fr,.fr
2026-09-14,France,fr,iptv player france,service+geo,fr_geo,fr,queued,ok,iptvplayerfrance.fr,.fr
2026-09-14,France,fr,iptv player francais,service+geo,fr_geo,fr,queued,ok,iptvplayerfrancais.fr,.fr
2026-09-14,France,fr,iptv app,service,fr_core,fr,queued,ok,iptvapp.fr,.fr
2026-09-14,France,fr,iptv app france,service+geo,fr_geo,fr,queued,ok,iptvappfrance.fr,.fr
2026-09-14,France,fr,iptv app francais,service+geo,fr_geo,fr,queued,ok,iptvappfrancais.fr,.fr
2026-09-14,France,fr,iptv box,service,fr_core,fr,queued,ok,iptvbox.fr,.fr
2026-09-14,France,fr,iptv box france,service+geo,fr_geo,fr,queued,ok,iptvboxfrance.fr,.fr
2026-09-14,France,fr,iptv box francais,service+geo,fr_geo,fr,queued,ok,iptvboxfrancais.fr,.fr
2026-09-14,France,fr,iptv trial,service,fr_core,fr,queued,ok,iptvtrial.fr,.fr
2026-09-14,France,fr,iptv trial france,service+geo,fr_geo,fr,queued,ok,iptvtrialfrance.fr,.fr
2026-09-14,France,fr,iptv trial francais,service+geo,fr_geo,fr,queued,ok,iptvtrialfrancais.fr,.fr
2026-09-14,France,fr,iptv free trial,service,fr_core,fr,queued,ok,iptvfreetrial.fr,.fr
2026-09-14,France,fr,iptv free trial france,service+geo,fr_geo,fr,queued,ok,iptvfreetrialfrance.fr,.fr
2026-09-14,France,fr,iptv free trial francais,service+geo,fr_geo,fr,queued,ok,iptvfreetrialfrancais.fr,.fr
2026-09-14,France,fr,iptv premium,service,fr_core,fr,queued,ok,iptvpremium.fr,.fr
2026-09-14,France,fr,iptv premium france,service+geo,fr_geo,fr,queued,ok,iptvpremiumfrance.fr,.fr
2026-09-14,France,fr,iptv premium francais,service+geo,fr_geo,fr,queued,ok,iptvpremiumfrancais.fr,.fr
2026-09-14,France,fr,iptv deals,service,fr_core,fr,queued,ok,iptvdeals.fr,.fr
2026-09-14,France,fr,iptv deals france,service+geo,fr_geo,fr,queued,ok,iptvdealsfrance.fr,.fr
2026-09-14,France,fr,iptv deals francais,service+geo,fr_geo,fr,queued,ok,iptvdealsfrancais.fr,.fr
2026-09-14,France,fr,iptv plans,service,fr_core,fr,queued,ok,iptvplans.fr,.fr
2026-09-14,France,fr,iptv plans france,service+geo,fr_geo,fr,queued,ok,iptvplansfrance.fr,.fr
2026-09-14,France,fr,iptv plans francais,service+geo,fr_geo,fr,queued,ok,iptvplansfrancais.fr,.fr
2026-09-14,France,fr,iptv packages,service,fr_core,fr,queued,ok,iptvpackages.fr,.fr
2026-09-14,France,fr,iptv packages france,service+geo,fr_geo,fr,queued,ok,iptvpackagesfrance.fr,.fr
2026-09-14,France,fr,iptv packages francais,service+geo,fr_geo,fr,queued,ok,iptvpackagesfrancais.fr,.fr
2026-09-14,France,fr,iptv online,service,fr_core,fr,queued,ok,iptvonline.fr,.fr
2026-09-14,France,fr,iptv online france,service+geo,fr_geo,fr,queued,ok,iptvonlinefrance.fr,.fr
2026-09-14,France,fr,iptv online francais,service+geo,fr_geo,fr,queued,ok,iptvonlinefrancais.fr,.fr
2026-09-14,France,fr,iptv for smart tv,device,fr_device,fr,queued,ok,iptvforsmarttv.fr,.fr
2026-09-14,France,fr,iptv for smart tv france,device+geo,fr_device,fr,queued,ok,iptvforsmarttvfrance.fr,.fr
2026-09-14,France,fr,iptv for firestick,device,fr_device,fr,queued,ok,iptvforfirestick.fr,.fr
2026-09-14,France,fr,iptv for firestick france,device+geo,fr_device,fr,queued,ok,iptvforfirestickfrance.fr,.fr
2026-09-14,France,fr,iptv for fire stick,device,fr_device,fr,queued,ok,iptvforfirestick.fr,.fr
2026-09-14,France,fr,iptv for fire stick france,device+geo,fr_device,fr,queued,ok,iptvforfirestickfrance.fr,.fr
2026-09-14,France,fr,iptv for android,device,fr_device,fr,queued,ok,iptvforandroid.fr,.fr
2026-09-14,France,fr,iptv for android france,device+geo,fr_device,fr,queued,ok,iptvforandroidfrance.fr,.fr
2026-09-14,France,fr,iptv for samsung,device,fr_device,fr,queued,ok,iptvforsamsung.fr,.fr
2026-09-14,France,fr,iptv for samsung france,device+geo,fr_device,fr,queued,ok,iptvforsamsungfrance.fr,.fr
2026-09-14,France,fr,iptv for lg,device,fr_device,fr,queued,ok,iptvforlg.fr,.fr
2026-09-14,France,fr,iptv for lg france,device+geo,fr_device,fr,queued,ok,iptvforlgfrance.fr,.fr
2026-09-14,France,fr,iptv for roku,device,fr_device,fr,queued,ok,iptvforroku.fr,.fr
2026-09-14,France,fr,iptv for roku france,device+geo,fr_device,fr,queued,ok,iptvforrokufrance.fr,.fr
2026-09-14,France,fr,iptv for apple tv,device,fr_device,fr,queued,ok,iptvforappletv.fr,.fr
2026-09-14,France,fr,iptv for apple tv france,device+geo,fr_device,fr,queued,ok,iptvforappletvfrance.fr,.fr
2026-09-14,France,fr,iptv firestick,device,fr_device,fr,queued,ok,iptvfirestick.fr,.fr
2026-09-14,France,fr,iptv firestick france,device+geo,fr_device,fr,queued,ok,iptvfirestickfrance.fr,.fr
2026-09-14,France,fr,iptv smart tv,device,fr_device,fr,queued,ok,iptvsmarttv.fr,.fr
2026-09-14,France,fr,iptv smart tv france,device+geo,fr_device,fr,queued,ok,iptvsmarttvfrance.fr,.fr
2026-09-14,France,fr,iptv android box,device,fr_device,fr,queued,ok,iptvandroidbox.fr,.fr
2026-09-14,France,fr,iptv android box france,device+geo,fr_device,fr,queued,ok,iptvandroidboxfrance.fr,.fr
2026-09-14,France,fr,iptv nvidia shield,device,fr_device,fr,queued,ok,iptvnvidiashield.fr,.fr
2026-09-14,France,fr,iptv nvidia shield france,device+geo,fr_device,fr,queued,ok,iptvnvidiashieldfrance.fr,.fr
2026-09-14,France,fr,iptv chromecast,device,fr_device,fr,queued,ok,iptvchromecast.fr,.fr
2026-09-14,France,fr,iptv chromecast france,device+geo,fr_device,fr,queued,ok,iptvchromecastfrance.fr,.fr
2026-09-14,France,fr,iptv mag box,device,fr_device,fr,queued,ok,iptvmagbox.fr,.fr
2026-09-14,France,fr,iptv mag box france,device+geo,fr_device,fr,queued,ok,iptvmagboxfrance.fr,.fr
2026-09-14,France,fr,iptv formuler,device,fr_device,fr,queued,ok,iptvformuler.fr,.fr
2026-09-14,France,fr,iptv formuler france,device+geo,fr_device,fr,queued,ok,iptvformulerfrance.fr,.fr
2026-09-14,France,fr,tivimate,app_seo_only,fr_app,fr,queued,ok,tivimate.fr,.fr
2026-09-14,France,fr,tivimate france,app+geo,fr_app,fr,queued,ok,tivimatefrance.fr,.fr
2026-09-14,France,fr,tivimate iptv,app_seo_only,fr_app,fr,queued,ok,tivimateiptv.fr,.fr
2026-09-14,France,fr,tivimate iptv france,app+geo,fr_app,fr,queued,ok,tivimateiptvfrance.fr,.fr
2026-09-14,France,fr,tivimate premium,app_seo_only,fr_app,fr,queued,ok,tivimatepremium.fr,.fr
2026-09-14,France,fr,tivimate premium france,app+geo,fr_app,fr,queued,ok,tivimatepremiumfrance.fr,.fr
2026-09-14,France,fr,tivimate subscription,app_seo_only,fr_app,fr,queued,ok,tivimatesubscription.fr,.fr
2026-09-14,France,fr,tivimate subscription france,app+geo,fr_app,fr,queued,ok,cluster-on-country-site,fr
2026-09-14,France,fr,tivimate playlist,app_seo_only,fr_app,fr,queued,ok,tivimateplaylist.fr,.fr
2026-09-14,France,fr,tivimate playlist france,app+geo,fr_app,fr,queued,ok,tivimateplaylistfrance.fr,.fr
2026-09-14,France,fr,iptv smarters,app_seo_only,fr_app,fr,queued,ok,iptvsmarters.fr,.fr
2026-09-14,France,fr,iptv smarters france,app+geo,fr_app,fr,queued,ok,iptvsmartersfrance.fr,.fr
2026-09-14,France,fr,smarters iptv,app_seo_only,fr_app,fr,queued,ok,smartersiptv.fr,.fr
2026-09-14,France,fr,smarters iptv france,app+geo,fr_app,fr,queued,ok,smartersiptvfrance.fr,.fr
2026-09-14,France,fr,iptv smarters pro,app_seo_only,fr_app,fr,queued,ok,iptvsmarterspro.fr,.fr
2026-09-14,France,fr,iptv smarters pro france,app+geo,fr_app,fr,queued,ok,iptvsmartersprofrance.fr,.fr
2026-09-14,France,fr,smarters pro iptv,app_seo_only,fr_app,fr,queued,ok,smartersproiptv.fr,.fr
2026-09-14,France,fr,smarters pro iptv france,app+geo,fr_app,fr,queued,ok,smartersproiptvfrance.fr,.fr
2026-09-14,France,fr,iptv smarters subscription,app_seo_only,fr_app,fr,queued,ok,iptvsmarterssubscription.fr,.fr
2026-09-14,France,fr,iptv smarters subscription france,app+geo,fr_app,fr,queued,ok,cluster-on-country-site,fr
2026-09-14,France,fr,gse smart iptv,app_seo_only,fr_app,fr,queued,ok,gsesmartiptv.fr,.fr
2026-09-14,France,fr,gse smart iptv france,app+geo,fr_app,fr,queued,ok,gsesmartiptvfrance.fr,.fr
2026-09-14,France,fr,smart iptv app,app_seo_only,fr_app,fr,queued,ok,smartiptvapp.fr,.fr
2026-09-14,France,fr,smart iptv app france,app+geo,fr_app,fr,queued,ok,smartiptvappfrance.fr,.fr
2026-09-14,France,fr,perfect player iptv,app_seo_only,fr_app,fr,queued,ok,perfectplayeriptv.fr,.fr
2026-09-14,France,fr,perfect player iptv france,app+geo,fr_app,fr,queued,ok,perfectplayeriptvfrance.fr,.fr
2026-09-14,France,fr,xceltv,app_seo_only,fr_app,fr,queued,ok,xceltv.fr,.fr
2026-09-14,France,fr,xceltv france,app+geo,fr_app,fr,queued,ok,xceltvfrance.fr,.fr
2026-09-14,France,fr,ott navigator,app_seo_only,fr_app,fr,queued,ok,ottnavigator.fr,.fr
2026-09-14,France,fr,ott navigator france,app+geo,fr_app,fr,queued,ok,ottnavigatorfrance.fr,.fr
2026-09-14,France,fr,iptv extreme,app_seo_only,fr_app,fr,queued,ok,iptvextreme.fr,.fr
2026-09-14,France,fr,iptv extreme france,app+geo,fr_app,fr,queued,ok,iptvextremefrance.fr,.fr
2026-09-14,France,fr,set iptv,app_seo_only,fr_app,fr,queued,ok,setiptv.fr,.fr
2026-09-14,France,fr,set iptv france,app+geo,fr_app,fr,queued,ok,setiptvfrance.fr,.fr
2026-09-14,France,fr,net iptv,app_seo_only,fr_app,fr,queued,ok,netiptv.fr,.fr
2026-09-14,France,fr,net iptv france,app+geo,fr_app,fr,queued,ok,netiptvfrance.fr,.fr
2026-09-14,France,fr,ibo player,app_seo_only,fr_app,fr,queued,ok,iboplayer.fr,.fr
2026-09-14,France,fr,ibo player france,app+geo,fr_app,fr,queued,ok,iboplayerfrance.fr,.fr
2026-09-14,France,fr,duplexplay,app_seo_only,fr_app,fr,queued,ok,duplexplay.fr,.fr
2026-09-14,France,fr,duplexplay france,app+geo,fr_app,fr,queued,ok,duplexplayfrance.fr,.fr
2026-09-14,France,fr,iptv player apk,app_seo_only,fr_app,fr,queued,ok,iptvplayerapk.fr,.fr
2026-09-14,France,fr,iptv player apk france,app+geo,fr_app,fr,queued,ok,iptvplayerapkfrance.fr,.fr
2026-09-14,France,fr,iptv paris,service+city,fr_city,fr,queued,ok,iptvparis.fr,.fr
2026-09-14,France,fr,best iptv paris,best+city,fr_city,fr,queued,ok,bestiptvparis.fr,.fr
2026-09-14,France,fr,iptv subscription paris,subscription+city,fr_city,fr,queued,ok,iptvsubscriptionparis.fr,.fr
2026-09-14,France,fr,iptv lyon,service+city,fr_city,fr,queued,ok,iptvlyon.fr,.fr
2026-09-14,France,fr,best iptv lyon,best+city,fr_city,fr,queued,ok,bestiptvlyon.fr,.fr
2026-09-14,France,fr,iptv subscription lyon,subscription+city,fr_city,fr,queued,ok,iptvsubscriptionlyon.fr,.fr
2026-09-14,France,fr,iptv marseille,service+city,fr_city,fr,queued,ok,iptvmarseille.fr,.fr
2026-09-14,France,fr,best iptv marseille,best+city,fr_city,fr,queued,ok,bestiptvmarseille.fr,.fr
2026-09-14,France,fr,iptv subscription marseille,subscription+city,fr_city,fr,queued,ok,cluster-on-country-site,fr
2026-09-14,France,fr,iptv toulouse,service+city,fr_city,fr,queued,ok,iptvtoulouse.fr,.fr
2026-09-14,France,fr,best iptv toulouse,best+city,fr_city,fr,queued,ok,bestiptvtoulouse.fr,.fr
2026-09-14,France,fr,iptv subscription toulouse,subscription+city,fr_city,fr,queued,ok,iptvsubscriptiontoulouse.fr,.fr
2026-09-14,France,fr,iptv lille,service+city,fr_city,fr,queued,ok,iptvlille.fr,.fr
2026-09-14,France,fr,best iptv lille,best+city,fr_city,fr,queued,ok,bestiptvlille.fr,.fr
2026-09-14,France,fr,iptv subscription lille,subscription+city,fr_city,fr,queued,ok,iptvsubscriptionlille.fr,.fr
2026-09-14,France,fr,iptv bordeaux,service+city,fr_city,fr,queued,ok,iptvbordeaux.fr,.fr
2026-09-14,France,fr,best iptv bordeaux,best+city,fr_city,fr,queued,ok,bestiptvbordeaux.fr,.fr
2026-09-14,France,fr,iptv subscription bordeaux,subscription+city,fr_city,fr,queued,ok,iptvsubscriptionbordeaux.fr,.fr
2026-09-14,France,fr,abonnement iptv,local_language,fr_local,fr,volume_verified,ok,TAKEN:abonnementiptv.fr,.fr
2026-09-14,France,fr,meilleur iptv,local_language,fr_local,fr,queued,ok,TAKEN:meilleuriptv.fr,.fr
2026-09-14,France,fr,meilleur abonnement iptv,local_language,fr_local,fr,queued,ok,meilleurabonnementiptv.fr,.fr
2026-09-14,France,fr,iptv pas cher,local_language,fr_local,fr,queued,ok,iptvpascher.fr,.fr
2026-09-14,France,fr,test iptv,local_language,fr_local,fr,queued,ok,testiptv.fr,.fr
2026-09-14,France,fr,essai iptv,local_language,fr_local,fr,queued,ok,essaiiptv.fr,.fr
2026-09-14,France,fr,code iptv,local_language,fr_local,fr,queued,ok,codeiptv.fr,.fr
2026-09-14,France,fr,liste iptv,local_language,fr_local,fr,queued,ok,listeiptv.fr,.fr
2026-09-14,France,fr,chaine iptv,local_language,fr_local,fr,queued,ok,chaineiptv.fr,.fr
2026-09-14,France,fr,player iptv,local_language,fr_local,fr,queued,ok,playeriptv.fr,.fr
2026-09-14,France,fr,avis iptv,local_language,fr_local,fr,queued,ok,avisiptv.fr,.fr
2026-09-14,France,fr,comparateur iptv,local_language,fr_local,fr,queued,ok,comparateuriptv.fr,.fr
2026-09-14,France,fr,abonnement iptv avis,local_language,fr_local,fr,queued,ok,abonnementiptvavis.fr,.fr
2026-09-14,Belgium,fr,iptv,service,be_core,be,queued,ok,cluster-on-country-site,be
2026-09-14,Belgium,fr,iptv belgique,service+geo,be_geo,be,queued,ok,iptvbelgique.be,.be
2026-09-14,Belgium,fr,iptv belge,service+geo,be_geo,be,queued,ok,iptvbelge.be,.be
2026-09-14,Belgium,fr,best iptv,service,be_core,be,queued,ok,bestiptv.be,.be
2026-09-14,Belgium,fr,best iptv belgique,service+geo,be_geo,be,queued,ok,bestiptvbelgique.be,.be
2026-09-14,Belgium,fr,best iptv belge,service+geo,be_geo,be,queued,ok,bestiptvbelge.be,.be
2026-09-14,Belgium,fr,iptv provider,service,be_core,be,queued,ok,iptvprovider.be,.be
2026-09-14,Belgium,fr,iptv provider belgique,service+geo,be_geo,be,queued,ok,iptvproviderbelgique.be,.be
2026-09-14,Belgium,fr,iptv provider belge,service+geo,be_geo,be,queued,ok,iptvproviderbelge.be,.be
2026-09-14,Belgium,fr,iptv subscription,service,be_core,be,queued,ok,iptvsubscription.be,.be
2026-09-14,Belgium,fr,iptv subscription belgique,service+geo,be_geo,be,queued,ok,iptvsubscriptionbelgique.be,.be
2026-09-14,Belgium,fr,iptv subscription belge,service+geo,be_geo,be,queued,ok,iptvsubscriptionbelge.be,.be
2026-09-14,Belgium,fr,iptv service,service,be_core,be,queued,ok,iptvservice.be,.be
2026-09-14,Belgium,fr,iptv service belgique,service+geo,be_geo,be,queued,ok,iptvservicebelgique.be,.be
2026-09-14,Belgium,fr,iptv service belge,service+geo,be_geo,be,queued,ok,iptvservicebelge.be,.be
2026-09-14,Belgium,fr,iptv services,service,be_core,be,queued,ok,iptvservices.be,.be
2026-09-14,Belgium,fr,iptv services belgique,service+geo,be_geo,be,queued,ok,iptvservicesbelgique.be,.be
2026-09-14,Belgium,fr,iptv services belge,service+geo,be_geo,be,queued,ok,iptvservicesbelge.be,.be
2026-09-14,Belgium,fr,iptv channels,service,be_core,be,queued,ok,iptvchannels.be,.be
2026-09-14,Belgium,fr,iptv channels belgique,service+geo,be_geo,be,queued,ok,iptvchannelsbelgique.be,.be
2026-09-14,Belgium,fr,iptv channels belge,service+geo,be_geo,be,queued,ok,iptvchannelsbelge.be,.be
2026-09-14,Belgium,fr,iptv streaming,service,be_core,be,queued,ok,iptvstreaming.be,.be
2026-09-14,Belgium,fr,iptv streaming belgique,service+geo,be_geo,be,queued,ok,iptvstreamingbelgique.be,.be
2026-09-14,Belgium,fr,iptv streaming belge,service+geo,be_geo,be,queued,ok,iptvstreamingbelge.be,.be
2026-09-14,Belgium,fr,iptv player,service,be_core,be,queued,ok,iptvplayer.be,.be
2026-09-14,Belgium,fr,iptv player belgique,service+geo,be_geo,be,queued,ok,iptvplayerbelgique.be,.be
2026-09-14,Belgium,fr,iptv player belge,service+geo,be_geo,be,queued,ok,iptvplayerbelge.be,.be
2026-09-14,Belgium,fr,iptv app,service,be_core,be,queued,ok,iptvapp.be,.be
2026-09-14,Belgium,fr,iptv app belgique,service+geo,be_geo,be,queued,ok,iptvappbelgique.be,.be
2026-09-14,Belgium,fr,iptv app belge,service+geo,be_geo,be,queued,ok,iptvappbelge.be,.be
2026-09-14,Belgium,fr,iptv box,service,be_core,be,queued,ok,iptvbox.be,.be
2026-09-14,Belgium,fr,iptv box belgique,service+geo,be_geo,be,queued,ok,iptvboxbelgique.be,.be
2026-09-14,Belgium,fr,iptv box belge,service+geo,be_geo,be,queued,ok,iptvboxbelge.be,.be
2026-09-14,Belgium,fr,iptv trial,service,be_core,be,queued,ok,iptvtrial.be,.be
2026-09-14,Belgium,fr,iptv trial belgique,service+geo,be_geo,be,queued,ok,iptvtrialbelgique.be,.be
2026-09-14,Belgium,fr,iptv trial belge,service+geo,be_geo,be,queued,ok,iptvtrialbelge.be,.be
2026-09-14,Belgium,fr,iptv free trial,service,be_core,be,queued,ok,iptvfreetrial.be,.be
2026-09-14,Belgium,fr,iptv free trial belgique,service+geo,be_geo,be,queued,ok,iptvfreetrialbelgique.be,.be
2026-09-14,Belgium,fr,iptv free trial belge,service+geo,be_geo,be,queued,ok,iptvfreetrialbelge.be,.be
2026-09-14,Belgium,fr,iptv premium,service,be_core,be,queued,ok,iptvpremium.be,.be
2026-09-14,Belgium,fr,iptv premium belgique,service+geo,be_geo,be,queued,ok,iptvpremiumbelgique.be,.be
2026-09-14,Belgium,fr,iptv premium belge,service+geo,be_geo,be,queued,ok,iptvpremiumbelge.be,.be
2026-09-14,Belgium,fr,iptv deals,service,be_core,be,queued,ok,iptvdeals.be,.be
2026-09-14,Belgium,fr,iptv deals belgique,service+geo,be_geo,be,queued,ok,iptvdealsbelgique.be,.be
2026-09-14,Belgium,fr,iptv deals belge,service+geo,be_geo,be,queued,ok,iptvdealsbelge.be,.be
2026-09-14,Belgium,fr,iptv plans,service,be_core,be,queued,ok,iptvplans.be,.be
2026-09-14,Belgium,fr,iptv plans belgique,service+geo,be_geo,be,queued,ok,iptvplansbelgique.be,.be
2026-09-14,Belgium,fr,iptv plans belge,service+geo,be_geo,be,queued,ok,iptvplansbelge.be,.be
2026-09-14,Belgium,fr,iptv packages,service,be_core,be,queued,ok,iptvpackages.be,.be
2026-09-14,Belgium,fr,iptv packages belgique,service+geo,be_geo,be,queued,ok,iptvpackagesbelgique.be,.be
2026-09-14,Belgium,fr,iptv packages belge,service+geo,be_geo,be,queued,ok,iptvpackagesbelge.be,.be
2026-09-14,Belgium,fr,iptv online,service,be_core,be,queued,ok,iptvonline.be,.be
2026-09-14,Belgium,fr,iptv online belgique,service+geo,be_geo,be,queued,ok,iptvonlinebelgique.be,.be
2026-09-14,Belgium,fr,iptv online belge,service+geo,be_geo,be,queued,ok,iptvonlinebelge.be,.be
2026-09-14,Belgium,fr,iptv for smart tv,device,be_device,be,queued,ok,iptvforsmarttv.be,.be
2026-09-14,Belgium,fr,iptv for smart tv belgique,device+geo,be_device,be,queued,ok,iptvforsmarttvbelgique.be,.be
2026-09-14,Belgium,fr,iptv for firestick,device,be_device,be,queued,ok,iptvforfirestick.be,.be
2026-09-14,Belgium,fr,iptv for firestick belgique,device+geo,be_device,be,queued,ok,iptvforfirestickbelgique.be,.be
2026-09-14,Belgium,fr,iptv for fire stick,device,be_device,be,queued,ok,iptvforfirestick.be,.be
2026-09-14,Belgium,fr,iptv for fire stick belgique,device+geo,be_device,be,queued,ok,iptvforfirestickbelgique.be,.be
2026-09-14,Belgium,fr,iptv for android,device,be_device,be,queued,ok,iptvforandroid.be,.be
2026-09-14,Belgium,fr,iptv for android belgique,device+geo,be_device,be,queued,ok,iptvforandroidbelgique.be,.be
2026-09-14,Belgium,fr,iptv for samsung,device,be_device,be,queued,ok,iptvforsamsung.be,.be
2026-09-14,Belgium,fr,iptv for samsung belgique,device+geo,be_device,be,queued,ok,iptvforsamsungbelgique.be,.be
2026-09-14,Belgium,fr,iptv for lg,device,be_device,be,queued,ok,iptvforlg.be,.be
2026-09-14,Belgium,fr,iptv for lg belgique,device+geo,be_device,be,queued,ok,iptvforlgbelgique.be,.be
2026-09-14,Belgium,fr,iptv for roku,device,be_device,be,queued,ok,iptvforroku.be,.be
2026-09-14,Belgium,fr,iptv for roku belgique,device+geo,be_device,be,queued,ok,iptvforrokubelgique.be,.be
2026-09-14,Belgium,fr,iptv for apple tv,device,be_device,be,queued,ok,iptvforappletv.be,.be
2026-09-14,Belgium,fr,iptv for apple tv belgique,device+geo,be_device,be,queued,ok,iptvforappletvbelgique.be,.be
2026-09-14,Belgium,fr,iptv firestick,device,be_device,be,queued,ok,iptvfirestick.be,.be
2026-09-14,Belgium,fr,iptv firestick belgique,device+geo,be_device,be,queued,ok,iptvfirestickbelgique.be,.be
2026-09-14,Belgium,fr,iptv smart tv,device,be_device,be,queued,ok,iptvsmarttv.be,.be
2026-09-14,Belgium,fr,iptv smart tv belgique,device+geo,be_device,be,queued,ok,iptvsmarttvbelgique.be,.be
2026-09-14,Belgium,fr,iptv android box,device,be_device,be,queued,ok,iptvandroidbox.be,.be
2026-09-14,Belgium,fr,iptv android box belgique,device+geo,be_device,be,queued,ok,iptvandroidboxbelgique.be,.be
2026-09-14,Belgium,fr,iptv nvidia shield,device,be_device,be,queued,ok,iptvnvidiashield.be,.be
2026-09-14,Belgium,fr,iptv nvidia shield belgique,device+geo,be_device,be,queued,ok,iptvnvidiashieldbelgique.be,.be
2026-09-14,Belgium,fr,iptv chromecast,device,be_device,be,queued,ok,iptvchromecast.be,.be
2026-09-14,Belgium,fr,iptv chromecast belgique,device+geo,be_device,be,queued,ok,iptvchromecastbelgique.be,.be
2026-09-14,Belgium,fr,iptv mag box,device,be_device,be,queued,ok,iptvmagbox.be,.be
2026-09-14,Belgium,fr,iptv mag box belgique,device+geo,be_device,be,queued,ok,iptvmagboxbelgique.be,.be
2026-09-14,Belgium,fr,iptv formuler,device,be_device,be,queued,ok,iptvformuler.be,.be
2026-09-14,Belgium,fr,iptv formuler belgique,device+geo,be_device,be,queued,ok,iptvformulerbelgique.be,.be
2026-09-14,Belgium,fr,tivimate,app_seo_only,be_app,be,queued,ok,tivimate.be,.be
2026-09-14,Belgium,fr,tivimate belgique,app+geo,be_app,be,queued,ok,tivimatebelgique.be,.be
2026-09-14,Belgium,fr,tivimate iptv,app_seo_only,be_app,be,queued,ok,tivimateiptv.be,.be
2026-09-14,Belgium,fr,tivimate iptv belgique,app+geo,be_app,be,queued,ok,tivimateiptvbelgique.be,.be
2026-09-14,Belgium,fr,tivimate premium,app_seo_only,be_app,be,queued,ok,tivimatepremium.be,.be
2026-09-14,Belgium,fr,tivimate premium belgique,app+geo,be_app,be,queued,ok,tivimatepremiumbelgique.be,.be
2026-09-14,Belgium,fr,tivimate subscription,app_seo_only,be_app,be,queued,ok,tivimatesubscription.be,.be
2026-09-14,Belgium,fr,tivimate subscription belgique,app+geo,be_app,be,queued,ok,cluster-on-country-site,be
2026-09-14,Belgium,fr,tivimate playlist,app_seo_only,be_app,be,queued,ok,tivimateplaylist.be,.be
2026-09-14,Belgium,fr,tivimate playlist belgique,app+geo,be_app,be,queued,ok,tivimateplaylistbelgique.be,.be
2026-09-14,Belgium,fr,iptv smarters,app_seo_only,be_app,be,queued,ok,iptvsmarters.be,.be
2026-09-14,Belgium,fr,iptv smarters belgique,app+geo,be_app,be,queued,ok,iptvsmartersbelgique.be,.be
2026-09-14,Belgium,fr,smarters iptv,app_seo_only,be_app,be,queued,ok,smartersiptv.be,.be
2026-09-14,Belgium,fr,smarters iptv belgique,app+geo,be_app,be,queued,ok,smartersiptvbelgique.be,.be
2026-09-14,Belgium,fr,iptv smarters pro,app_seo_only,be_app,be,queued,ok,iptvsmarterspro.be,.be
2026-09-14,Belgium,fr,iptv smarters pro belgique,app+geo,be_app,be,queued,ok,iptvsmartersprobelgique.be,.be
2026-09-14,Belgium,fr,smarters pro iptv,app_seo_only,be_app,be,queued,ok,smartersproiptv.be,.be
2026-09-14,Belgium,fr,smarters pro iptv belgique,app+geo,be_app,be,queued,ok,smartersproiptvbelgique.be,.be
2026-09-14,Belgium,fr,iptv smarters subscription,app_seo_only,be_app,be,queued,ok,iptvsmarterssubscription.be,.be
2026-09-14,Belgium,fr,iptv smarters subscription belgique,app+geo,be_app,be,queued,ok,cluster-on-country-site,be
2026-09-14,Belgium,fr,gse smart iptv,app_seo_only,be_app,be,queued,ok,gsesmartiptv.be,.be
2026-09-14,Belgium,fr,gse smart iptv belgique,app+geo,be_app,be,queued,ok,gsesmartiptvbelgique.be,.be
2026-09-14,Belgium,fr,smart iptv app,app_seo_only,be_app,be,queued,ok,smartiptvapp.be,.be
2026-09-14,Belgium,fr,smart iptv app belgique,app+geo,be_app,be,queued,ok,smartiptvappbelgique.be,.be
2026-09-14,Belgium,fr,perfect player iptv,app_seo_only,be_app,be,queued,ok,perfectplayeriptv.be,.be
2026-09-14,Belgium,fr,perfect player iptv belgique,app+geo,be_app,be,queued,ok,cluster-on-country-site,be
2026-09-14,Belgium,fr,xceltv,app_seo_only,be_app,be,queued,ok,xceltv.be,.be
2026-09-14,Belgium,fr,xceltv belgique,app+geo,be_app,be,queued,ok,xceltvbelgique.be,.be
2026-09-14,Belgium,fr,ott navigator,app_seo_only,be_app,be,queued,ok,ottnavigator.be,.be
2026-09-14,Belgium,fr,ott navigator belgique,app+geo,be_app,be,queued,ok,ottnavigatorbelgique.be,.be
2026-09-14,Belgium,fr,iptv extreme,app_seo_only,be_app,be,queued,ok,iptvextreme.be,.be
2026-09-14,Belgium,fr,iptv extreme belgique,app+geo,be_app,be,queued,ok,iptvextremebelgique.be,.be
2026-09-14,Belgium,fr,set iptv,app_seo_only,be_app,be,queued,ok,setiptv.be,.be
2026-09-14,Belgium,fr,set iptv belgique,app+geo,be_app,be,queued,ok,setiptvbelgique.be,.be
2026-09-14,Belgium,fr,net iptv,app_seo_only,be_app,be,queued,ok,netiptv.be,.be
2026-09-14,Belgium,fr,net iptv belgique,app+geo,be_app,be,queued,ok,netiptvbelgique.be,.be
2026-09-14,Belgium,fr,ibo player,app_seo_only,be_app,be,queued,ok,iboplayer.be,.be
2026-09-14,Belgium,fr,ibo player belgique,app+geo,be_app,be,queued,ok,iboplayerbelgique.be,.be
2026-09-14,Belgium,fr,duplexplay,app_seo_only,be_app,be,queued,ok,duplexplay.be,.be
2026-09-14,Belgium,fr,duplexplay belgique,app+geo,be_app,be,queued,ok,duplexplaybelgique.be,.be
2026-09-14,Belgium,fr,iptv player apk,app_seo_only,be_app,be,queued,ok,iptvplayerapk.be,.be
2026-09-14,Belgium,fr,iptv player apk belgique,app+geo,be_app,be,queued,ok,iptvplayerapkbelgique.be,.be
2026-09-14,Belgium,fr,iptv bruxelles,service+city,be_city,be,queued,ok,iptvbruxelles.be,.be
2026-09-14,Belgium,fr,best iptv bruxelles,best+city,be_city,be,queued,ok,bestiptvbruxelles.be,.be
2026-09-14,Belgium,fr,iptv subscription bruxelles,subscription+city,be_city,be,queued,ok,cluster-on-country-site,be
2026-09-14,Belgium,fr,iptv brussels,service+city,be_city,be,queued,ok,iptvbrussels.be,.be
2026-09-14,Belgium,fr,best iptv brussels,best+city,be_city,be,queued,ok,bestiptvbrussels.be,.be
2026-09-14,Belgium,fr,iptv subscription brussels,subscription+city,be_city,be,queued,ok,iptvsubscriptionbrussels.be,.be
2026-09-14,Belgium,fr,iptv anvers,service+city,be_city,be,queued,ok,iptvanvers.be,.be
2026-09-14,Belgium,fr,best iptv anvers,best+city,be_city,be,queued,ok,bestiptvanvers.be,.be
2026-09-14,Belgium,fr,iptv subscription anvers,subscription+city,be_city,be,queued,ok,iptvsubscriptionanvers.be,.be
2026-09-14,Belgium,fr,iptv antwerp,service+city,be_city,be,queued,ok,iptvantwerp.be,.be
2026-09-14,Belgium,fr,best iptv antwerp,best+city,be_city,be,queued,ok,bestiptvantwerp.be,.be
2026-09-14,Belgium,fr,iptv subscription antwerp,subscription+city,be_city,be,queued,ok,iptvsubscriptionantwerp.be,.be
2026-09-14,Belgium,fr,iptv liege,service+city,be_city,be,queued,ok,iptvliege.be,.be
2026-09-14,Belgium,fr,best iptv liege,best+city,be_city,be,queued,ok,bestiptvliege.be,.be
2026-09-14,Belgium,fr,iptv subscription liege,subscription+city,be_city,be,queued,ok,iptvsubscriptionliege.be,.be
2026-09-14,Belgium,fr,iptv gand,service+city,be_city,be,queued,ok,iptvgand.be,.be
2026-09-14,Belgium,fr,best iptv gand,best+city,be_city,be,queued,ok,bestiptvgand.be,.be
2026-09-14,Belgium,fr,iptv subscription gand,subscription+city,be_city,be,queued,ok,iptvsubscriptiongand.be,.be
2026-09-14,Belgium,fr,abonnement iptv belgique,local_language,be_local,be,queued,ok,abonnementiptvbelgique.be,.be
2026-09-14,Belgium,fr,meilleur iptv belgique,local_language,be_local,be,queued,ok,meilleuriptvbelgique.be,.be
2026-09-14,Belgium,fr,iptv pas cher belgique,local_language,be_local,be,queued,ok,iptvpascherbelgique.be,.be
2026-09-14,Belgium,fr,beste iptv belgie,local_language,be_local,be,queued,ok,besteiptvbelgie.be,.be
2026-09-14,Belgium,fr,iptv abonnement belgie,local_language,be_local,be,queued,ok,iptvabonnementbelgie.be,.be
2026-09-14,Belgium,nl,iptv belgie,service+geo,be_geo,be,queued,ok,iptvbelgie.be,.be
2026-09-14,Belgium,nl,iptv vlaanderen,service+geo,be_geo,be,queued,ok,iptvvlaanderen.be,.be
2026-09-14,Belgium,nl,best iptv belgie,service+geo,be_geo,be,queued,ok,bestiptvbelgie.be,.be
2026-09-14,Belgium,nl,best iptv vlaanderen,service+geo,be_geo,be,queued,ok,bestiptvvlaanderen.be,.be
2026-09-14,Belgium,nl,iptv provider belgie,service+geo,be_geo,be,queued,ok,iptvproviderbelgie.be,.be
2026-09-14,Belgium,nl,iptv provider vlaanderen,service+geo,be_geo,be,queued,ok,iptvprovidervlaanderen.be,.be
2026-09-14,Belgium,nl,iptv subscription belgie,service+geo,be_geo,be,queued,ok,iptvsubscriptionbelgie.be,.be
2026-09-14,Belgium,nl,iptv subscription vlaanderen,service+geo,be_geo,be,queued,ok,cluster-on-country-site,be
2026-09-14,Belgium,nl,iptv service belgie,service+geo,be_geo,be,queued,ok,iptvservicebelgie.be,.be
2026-09-14,Belgium,nl,iptv service vlaanderen,service+geo,be_geo,be,queued,ok,iptvservicevlaanderen.be,.be
2026-09-14,Belgium,nl,iptv services belgie,service+geo,be_geo,be,queued,ok,iptvservicesbelgie.be,.be
2026-09-14,Belgium,nl,iptv services vlaanderen,service+geo,be_geo,be,queued,ok,iptvservicesvlaanderen.be,.be
2026-09-14,Belgium,nl,iptv channels belgie,service+geo,be_geo,be,queued,ok,iptvchannelsbelgie.be,.be
2026-09-14,Belgium,nl,iptv channels vlaanderen,service+geo,be_geo,be,queued,ok,iptvchannelsvlaanderen.be,.be
2026-09-14,Belgium,nl,iptv streaming belgie,service+geo,be_geo,be,queued,ok,iptvstreamingbelgie.be,.be
2026-09-14,Belgium,nl,iptv streaming vlaanderen,service+geo,be_geo,be,queued,ok,iptvstreamingvlaanderen.be,.be
2026-09-14,Belgium,nl,iptv player belgie,service+geo,be_geo,be,queued,ok,iptvplayerbelgie.be,.be
2026-09-14,Belgium,nl,iptv player vlaanderen,service+geo,be_geo,be,queued,ok,iptvplayervlaanderen.be,.be
2026-09-14,Belgium,nl,iptv app belgie,service+geo,be_geo,be,queued,ok,iptvappbelgie.be,.be
2026-09-14,Belgium,nl,iptv app vlaanderen,service+geo,be_geo,be,queued,ok,iptvappvlaanderen.be,.be
2026-09-14,Belgium,nl,iptv box belgie,service+geo,be_geo,be,queued,ok,iptvboxbelgie.be,.be
2026-09-14,Belgium,nl,iptv box vlaanderen,service+geo,be_geo,be,queued,ok,iptvboxvlaanderen.be,.be
2026-09-14,Belgium,nl,iptv trial belgie,service+geo,be_geo,be,queued,ok,iptvtrialbelgie.be,.be
2026-09-14,Belgium,nl,iptv trial vlaanderen,service+geo,be_geo,be,queued,ok,iptvtrialvlaanderen.be,.be
2026-09-14,Belgium,nl,iptv free trial belgie,service+geo,be_geo,be,queued,ok,iptvfreetrialbelgie.be,.be
2026-09-14,Belgium,nl,iptv free trial vlaanderen,service+geo,be_geo,be,queued,ok,iptvfreetrialvlaanderen.be,.be
2026-09-14,Belgium,nl,iptv premium belgie,service+geo,be_geo,be,queued,ok,iptvpremiumbelgie.be,.be
2026-09-14,Belgium,nl,iptv premium vlaanderen,service+geo,be_geo,be,queued,ok,iptvpremiumvlaanderen.be,.be
2026-09-14,Belgium,nl,iptv deals belgie,service+geo,be_geo,be,queued,ok,iptvdealsbelgie.be,.be
2026-09-14,Belgium,nl,iptv deals vlaanderen,service+geo,be_geo,be,queued,ok,iptvdealsvlaanderen.be,.be
2026-09-14,Belgium,nl,iptv plans belgie,service+geo,be_geo,be,queued,ok,iptvplansbelgie.be,.be
2026-09-14,Belgium,nl,iptv plans vlaanderen,service+geo,be_geo,be,queued,ok,iptvplansvlaanderen.be,.be
2026-09-14,Belgium,nl,iptv packages belgie,service+geo,be_geo,be,queued,ok,iptvpackagesbelgie.be,.be
2026-09-14,Belgium,nl,iptv packages vlaanderen,service+geo,be_geo,be,queued,ok,iptvpackagesvlaanderen.be,.be
2026-09-14,Belgium,nl,iptv online belgie,service+geo,be_geo,be,queued,ok,iptvonlinebelgie.be,.be
2026-09-14,Belgium,nl,iptv online vlaanderen,service+geo,be_geo,be,queued,ok,iptvonlinevlaanderen.be,.be
2026-09-14,Belgium,nl,iptv for smart tv belgie,device+geo,be_device,be,queued,ok,iptvforsmarttvbelgie.be,.be
2026-09-14,Belgium,nl,iptv for firestick belgie,device+geo,be_device,be,queued,ok,iptvforfirestickbelgie.be,.be
2026-09-14,Belgium,nl,iptv for fire stick belgie,device+geo,be_device,be,queued,ok,iptvforfirestickbelgie.be,.be
2026-09-14,Belgium,nl,iptv for android belgie,device+geo,be_device,be,queued,ok,iptvforandroidbelgie.be,.be
2026-09-14,Belgium,nl,iptv for samsung belgie,device+geo,be_device,be,queued,ok,iptvforsamsungbelgie.be,.be
2026-09-14,Belgium,nl,iptv for lg belgie,device+geo,be_device,be,queued,ok,iptvforlgbelgie.be,.be
2026-09-14,Belgium,nl,iptv for roku belgie,device+geo,be_device,be,queued,ok,iptvforrokubelgie.be,.be
2026-09-14,Belgium,nl,iptv for apple tv belgie,device+geo,be_device,be,queued,ok,iptvforappletvbelgie.be,.be
2026-09-14,Belgium,nl,iptv firestick belgie,device+geo,be_device,be,queued,ok,iptvfirestickbelgie.be,.be
2026-09-14,Belgium,nl,iptv smart tv belgie,device+geo,be_device,be,queued,ok,iptvsmarttvbelgie.be,.be
2026-09-14,Belgium,nl,iptv android box belgie,device+geo,be_device,be,queued,ok,iptvandroidboxbelgie.be,.be
2026-09-14,Belgium,nl,iptv nvidia shield belgie,device+geo,be_device,be,queued,ok,iptvnvidiashieldbelgie.be,.be
2026-09-14,Belgium,nl,iptv chromecast belgie,device+geo,be_device,be,queued,ok,iptvchromecastbelgie.be,.be
2026-09-14,Belgium,nl,iptv mag box belgie,device+geo,be_device,be,queued,ok,iptvmagboxbelgie.be,.be
2026-09-14,Belgium,nl,iptv formuler belgie,device+geo,be_device,be,queued,ok,iptvformulerbelgie.be,.be
2026-09-14,Belgium,nl,tivimate belgie,app+geo,be_app,be,queued,ok,tivimatebelgie.be,.be
2026-09-14,Belgium,nl,tivimate iptv belgie,app+geo,be_app,be,queued,ok,tivimateiptvbelgie.be,.be
2026-09-14,Belgium,nl,tivimate premium belgie,app+geo,be_app,be,queued,ok,tivimatepremiumbelgie.be,.be
2026-09-14,Belgium,nl,tivimate subscription belgie,app+geo,be_app,be,queued,ok,cluster-on-country-site,be
2026-09-14,Belgium,nl,tivimate playlist belgie,app+geo,be_app,be,queued,ok,tivimateplaylistbelgie.be,.be
2026-09-14,Belgium,nl,iptv smarters belgie,app+geo,be_app,be,queued,ok,iptvsmartersbelgie.be,.be
2026-09-14,Belgium,nl,smarters iptv belgie,app+geo,be_app,be,queued,ok,smartersiptvbelgie.be,.be
2026-09-14,Belgium,nl,iptv smarters pro belgie,app+geo,be_app,be,queued,ok,iptvsmartersprobelgie.be,.be
2026-09-14,Belgium,nl,smarters pro iptv belgie,app+geo,be_app,be,queued,ok,smartersproiptvbelgie.be,.be
2026-09-14,Belgium,nl,iptv smarters subscription belgie,app+geo,be_app,be,queued,ok,cluster-on-country-site,be
2026-09-14,Belgium,nl,gse smart iptv belgie,app+geo,be_app,be,queued,ok,gsesmartiptvbelgie.be,.be
2026-09-14,Belgium,nl,smart iptv app belgie,app+geo,be_app,be,queued,ok,smartiptvappbelgie.be,.be
2026-09-14,Belgium,nl,perfect player iptv belgie,app+geo,be_app,be,queued,ok,perfectplayeriptvbelgie.be,.be
2026-09-14,Belgium,nl,xceltv belgie,app+geo,be_app,be,queued,ok,xceltvbelgie.be,.be
2026-09-14,Belgium,nl,ott navigator belgie,app+geo,be_app,be,queued,ok,ottnavigatorbelgie.be,.be
2026-09-14,Belgium,nl,iptv extreme belgie,app+geo,be_app,be,queued,ok,iptvextremebelgie.be,.be
2026-09-14,Belgium,nl,set iptv belgie,app+geo,be_app,be,queued,ok,setiptvbelgie.be,.be
2026-09-14,Belgium,nl,net iptv belgie,app+geo,be_app,be,queued,ok,netiptvbelgie.be,.be
2026-09-14,Belgium,nl,ibo player belgie,app+geo,be_app,be,queued,ok,iboplayerbelgie.be,.be
2026-09-14,Belgium,nl,duplexplay belgie,app+geo,be_app,be,queued,ok,duplexplaybelgie.be,.be
2026-09-14,Belgium,nl,iptv player apk belgie,app+geo,be_app,be,queued,ok,iptvplayerapkbelgie.be,.be
2026-09-14,Switzerland,fr,iptv,service,ch_core,ch,queued,ok,cluster-on-country-site,ch
2026-09-14,Switzerland,fr,iptv suisse,service+geo,ch_geo,ch,queued,ok,iptvsuisse.ch,.ch
2026-09-14,Switzerland,fr,best iptv,service,ch_core,ch,queued,ok,bestiptv.ch,.ch
2026-09-14,Switzerland,fr,best iptv suisse,service+geo,ch_geo,ch,queued,ok,bestiptvsuisse.ch,.ch
2026-09-14,Switzerland,fr,iptv provider,service,ch_core,ch,queued,ok,iptvprovider.ch,.ch
2026-09-14,Switzerland,fr,iptv provider suisse,service+geo,ch_geo,ch,queued,ok,iptvprovidersuisse.ch,.ch
2026-09-14,Switzerland,fr,iptv subscription,service,ch_core,ch,queued,ok,iptvsubscription.ch,.ch
2026-09-14,Switzerland,fr,iptv subscription suisse,service+geo,ch_geo,ch,queued,ok,iptvsubscriptionsuisse.ch,.ch
2026-09-14,Switzerland,fr,iptv service,service,ch_core,ch,queued,ok,iptvservice.ch,.ch
2026-09-14,Switzerland,fr,iptv service suisse,service+geo,ch_geo,ch,queued,ok,iptvservicesuisse.ch,.ch
2026-09-14,Switzerland,fr,iptv services,service,ch_core,ch,queued,ok,iptvservices.ch,.ch
2026-09-14,Switzerland,fr,iptv services suisse,service+geo,ch_geo,ch,queued,ok,iptvservicessuisse.ch,.ch
2026-09-14,Switzerland,fr,iptv channels,service,ch_core,ch,queued,ok,iptvchannels.ch,.ch
2026-09-14,Switzerland,fr,iptv channels suisse,service+geo,ch_geo,ch,queued,ok,iptvchannelssuisse.ch,.ch
2026-09-14,Switzerland,fr,iptv streaming,service,ch_core,ch,queued,ok,iptvstreaming.ch,.ch
2026-09-14,Switzerland,fr,iptv streaming suisse,service+geo,ch_geo,ch,queued,ok,iptvstreamingsuisse.ch,.ch
2026-09-14,Switzerland,fr,iptv player,service,ch_core,ch,queued,ok,iptvplayer.ch,.ch
2026-09-14,Switzerland,fr,iptv player suisse,service+geo,ch_geo,ch,queued,ok,iptvplayersuisse.ch,.ch
2026-09-14,Switzerland,fr,iptv app,service,ch_core,ch,queued,ok,iptvapp.ch,.ch
2026-09-14,Switzerland,fr,iptv app suisse,service+geo,ch_geo,ch,queued,ok,iptvappsuisse.ch,.ch
2026-09-14,Switzerland,fr,iptv box,service,ch_core,ch,queued,ok,iptvbox.ch,.ch
2026-09-14,Switzerland,fr,iptv box suisse,service+geo,ch_geo,ch,queued,ok,iptvboxsuisse.ch,.ch
2026-09-14,Switzerland,fr,iptv trial,service,ch_core,ch,queued,ok,iptvtrial.ch,.ch
2026-09-14,Switzerland,fr,iptv trial suisse,service+geo,ch_geo,ch,queued,ok,iptvtrialsuisse.ch,.ch
2026-09-14,Switzerland,fr,iptv free trial,service,ch_core,ch,queued,ok,iptvfreetrial.ch,.ch
2026-09-14,Switzerland,fr,iptv free trial suisse,service+geo,ch_geo,ch,queued,ok,iptvfreetrialsuisse.ch,.ch
2026-09-14,Switzerland,fr,iptv premium,service,ch_core,ch,queued,ok,iptvpremium.ch,.ch
2026-09-14,Switzerland,fr,iptv premium suisse,service+geo,ch_geo,ch,queued,ok,iptvpremiumsuisse.ch,.ch
2026-09-14,Switzerland,fr,iptv deals,service,ch_core,ch,queued,ok,iptvdeals.ch,.ch
2026-09-14,Switzerland,fr,iptv deals suisse,service+geo,ch_geo,ch,queued,ok,iptvdealssuisse.ch,.ch
2026-09-14,Switzerland,fr,iptv plans,service,ch_core,ch,queued,ok,iptvplans.ch,.ch
2026-09-14,Switzerland,fr,iptv plans suisse,service+geo,ch_geo,ch,queued,ok,iptvplanssuisse.ch,.ch
2026-09-14,Switzerland,fr,iptv packages,service,ch_core,ch,queued,ok,iptvpackages.ch,.ch
2026-09-14,Switzerland,fr,iptv packages suisse,service+geo,ch_geo,ch,queued,ok,iptvpackagessuisse.ch,.ch
2026-09-14,Switzerland,fr,iptv online,service,ch_core,ch,queued,ok,iptvonline.ch,.ch
2026-09-14,Switzerland,fr,iptv online suisse,service+geo,ch_geo,ch,queued,ok,iptvonlinesuisse.ch,.ch
2026-09-14,Switzerland,fr,iptv for smart tv,device,ch_device,ch,queued,ok,iptvforsmarttv.ch,.ch
2026-09-14,Switzerland,fr,iptv for smart tv suisse,device+geo,ch_device,ch,queued,ok,iptvforsmarttvsuisse.ch,.ch
2026-09-14,Switzerland,fr,iptv for firestick,device,ch_device,ch,queued,ok,iptvforfirestick.ch,.ch
2026-09-14,Switzerland,fr,iptv for firestick suisse,device+geo,ch_device,ch,queued,ok,iptvforfiresticksuisse.ch,.ch
2026-09-14,Switzerland,fr,iptv for fire stick,device,ch_device,ch,queued,ok,iptvforfirestick.ch,.ch
2026-09-14,Switzerland,fr,iptv for fire stick suisse,device+geo,ch_device,ch,queued,ok,iptvforfiresticksuisse.ch,.ch
2026-09-14,Switzerland,fr,iptv for android,device,ch_device,ch,queued,ok,iptvforandroid.ch,.ch
2026-09-14,Switzerland,fr,iptv for android suisse,device+geo,ch_device,ch,queued,ok,iptvforandroidsuisse.ch,.ch
2026-09-14,Switzerland,fr,iptv for samsung,device,ch_device,ch,queued,ok,iptvforsamsung.ch,.ch
2026-09-14,Switzerland,fr,iptv for samsung suisse,device+geo,ch_device,ch,queued,ok,iptvforsamsungsuisse.ch,.ch
2026-09-14,Switzerland,fr,iptv for lg,device,ch_device,ch,queued,ok,iptvforlg.ch,.ch
2026-09-14,Switzerland,fr,iptv for lg suisse,device+geo,ch_device,ch,queued,ok,iptvforlgsuisse.ch,.ch
2026-09-14,Switzerland,fr,iptv for roku,device,ch_device,ch,queued,ok,iptvforroku.ch,.ch
2026-09-14,Switzerland,fr,iptv for roku suisse,device+geo,ch_device,ch,queued,ok,iptvforrokusuisse.ch,.ch
2026-09-14,Switzerland,fr,iptv for apple tv,device,ch_device,ch,queued,ok,iptvforappletv.ch,.ch
2026-09-14,Switzerland,fr,iptv for apple tv suisse,device+geo,ch_device,ch,queued,ok,iptvforappletvsuisse.ch,.ch
2026-09-14,Switzerland,fr,iptv firestick,device,ch_device,ch,queued,ok,iptvfirestick.ch,.ch
2026-09-14,Switzerland,fr,iptv firestick suisse,device+geo,ch_device,ch,queued,ok,iptvfiresticksuisse.ch,.ch
2026-09-14,Switzerland,fr,iptv smart tv,device,ch_device,ch,queued,ok,iptvsmarttv.ch,.ch
2026-09-14,Switzerland,fr,iptv smart tv suisse,device+geo,ch_device,ch,queued,ok,iptvsmarttvsuisse.ch,.ch
2026-09-14,Switzerland,fr,iptv android box,device,ch_device,ch,queued,ok,iptvandroidbox.ch,.ch
2026-09-14,Switzerland,fr,iptv android box suisse,device+geo,ch_device,ch,queued,ok,iptvandroidboxsuisse.ch,.ch
2026-09-14,Switzerland,fr,iptv nvidia shield,device,ch_device,ch,queued,ok,iptvnvidiashield.ch,.ch
2026-09-14,Switzerland,fr,iptv nvidia shield suisse,device+geo,ch_device,ch,queued,ok,iptvnvidiashieldsuisse.ch,.ch
2026-09-14,Switzerland,fr,iptv chromecast,device,ch_device,ch,queued,ok,iptvchromecast.ch,.ch
2026-09-14,Switzerland,fr,iptv chromecast suisse,device+geo,ch_device,ch,queued,ok,iptvchromecastsuisse.ch,.ch
2026-09-14,Switzerland,fr,iptv mag box,device,ch_device,ch,queued,ok,iptvmagbox.ch,.ch
2026-09-14,Switzerland,fr,iptv mag box suisse,device+geo,ch_device,ch,queued,ok,iptvmagboxsuisse.ch,.ch
2026-09-14,Switzerland,fr,iptv formuler,device,ch_device,ch,queued,ok,iptvformuler.ch,.ch
2026-09-14,Switzerland,fr,iptv formuler suisse,device+geo,ch_device,ch,queued,ok,iptvformulersuisse.ch,.ch
2026-09-14,Switzerland,fr,tivimate,app_seo_only,ch_app,ch,queued,ok,tivimate.ch,.ch
2026-09-14,Switzerland,fr,tivimate suisse,app+geo,ch_app,ch,queued,ok,tivimatesuisse.ch,.ch
2026-09-14,Switzerland,fr,tivimate iptv,app_seo_only,ch_app,ch,queued,ok,tivimateiptv.ch,.ch
2026-09-14,Switzerland,fr,tivimate iptv suisse,app+geo,ch_app,ch,queued,ok,tivimateiptvsuisse.ch,.ch
2026-09-14,Switzerland,fr,tivimate premium,app_seo_only,ch_app,ch,queued,ok,tivimatepremium.ch,.ch
2026-09-14,Switzerland,fr,tivimate premium suisse,app+geo,ch_app,ch,queued,ok,tivimatepremiumsuisse.ch,.ch
2026-09-14,Switzerland,fr,tivimate subscription,app_seo_only,ch_app,ch,queued,ok,tivimatesubscription.ch,.ch
2026-09-14,Switzerland,fr,tivimate subscription suisse,app+geo,ch_app,ch,queued,ok,cluster-on-country-site,ch
2026-09-14,Switzerland,fr,tivimate playlist,app_seo_only,ch_app,ch,queued,ok,tivimateplaylist.ch,.ch
2026-09-14,Switzerland,fr,tivimate playlist suisse,app+geo,ch_app,ch,queued,ok,tivimateplaylistsuisse.ch,.ch
2026-09-14,Switzerland,fr,iptv smarters,app_seo_only,ch_app,ch,queued,ok,iptvsmarters.ch,.ch
2026-09-14,Switzerland,fr,iptv smarters suisse,app+geo,ch_app,ch,queued,ok,iptvsmarterssuisse.ch,.ch
2026-09-14,Switzerland,fr,smarters iptv,app_seo_only,ch_app,ch,queued,ok,smartersiptv.ch,.ch
2026-09-14,Switzerland,fr,smarters iptv suisse,app+geo,ch_app,ch,queued,ok,smartersiptvsuisse.ch,.ch
2026-09-14,Switzerland,fr,iptv smarters pro,app_seo_only,ch_app,ch,queued,ok,iptvsmarterspro.ch,.ch
2026-09-14,Switzerland,fr,iptv smarters pro suisse,app+geo,ch_app,ch,queued,ok,iptvsmartersprosuisse.ch,.ch
2026-09-14,Switzerland,fr,smarters pro iptv,app_seo_only,ch_app,ch,queued,ok,smartersproiptv.ch,.ch
2026-09-14,Switzerland,fr,smarters pro iptv suisse,app+geo,ch_app,ch,queued,ok,smartersproiptvsuisse.ch,.ch
2026-09-14,Switzerland,fr,iptv smarters subscription,app_seo_only,ch_app,ch,queued,ok,iptvsmarterssubscription.ch,.ch
2026-09-14,Switzerland,fr,iptv smarters subscription suisse,app+geo,ch_app,ch,queued,ok,cluster-on-country-site,ch
2026-09-14,Switzerland,fr,gse smart iptv,app_seo_only,ch_app,ch,queued,ok,gsesmartiptv.ch,.ch
2026-09-14,Switzerland,fr,gse smart iptv suisse,app+geo,ch_app,ch,queued,ok,gsesmartiptvsuisse.ch,.ch
2026-09-14,Switzerland,fr,smart iptv app,app_seo_only,ch_app,ch,queued,ok,smartiptvapp.ch,.ch
2026-09-14,Switzerland,fr,smart iptv app suisse,app+geo,ch_app,ch,queued,ok,smartiptvappsuisse.ch,.ch
2026-09-14,Switzerland,fr,perfect player iptv,app_seo_only,ch_app,ch,queued,ok,perfectplayeriptv.ch,.ch
2026-09-14,Switzerland,fr,perfect player iptv suisse,app+geo,ch_app,ch,queued,ok,perfectplayeriptvsuisse.ch,.ch
2026-09-14,Switzerland,fr,xceltv,app_seo_only,ch_app,ch,queued,ok,xceltv.ch,.ch
2026-09-14,Switzerland,fr,xceltv suisse,app+geo,ch_app,ch,queued,ok,xceltvsuisse.ch,.ch
2026-09-14,Switzerland,fr,ott navigator,app_seo_only,ch_app,ch,queued,ok,ottnavigator.ch,.ch
2026-09-14,Switzerland,fr,ott navigator suisse,app+geo,ch_app,ch,queued,ok,ottnavigatorsuisse.ch,.ch
2026-09-14,Switzerland,fr,iptv extreme,app_seo_only,ch_app,ch,queued,ok,iptvextreme.ch,.ch
2026-09-14,Switzerland,fr,iptv extreme suisse,app+geo,ch_app,ch,queued,ok,iptvextremesuisse.ch,.ch
2026-09-14,Switzerland,fr,set iptv,app_seo_only,ch_app,ch,queued,ok,setiptv.ch,.ch
2026-09-14,Switzerland,fr,set iptv suisse,app+geo,ch_app,ch,queued,ok,setiptvsuisse.ch,.ch
2026-09-14,Switzerland,fr,net iptv,app_seo_only,ch_app,ch,queued,ok,netiptv.ch,.ch
2026-09-14,Switzerland,fr,net iptv suisse,app+geo,ch_app,ch,queued,ok,netiptvsuisse.ch,.ch
2026-09-14,Switzerland,fr,ibo player,app_seo_only,ch_app,ch,queued,ok,iboplayer.ch,.ch
2026-09-14,Switzerland,fr,ibo player suisse,app+geo,ch_app,ch,queued,ok,iboplayersuisse.ch,.ch
2026-09-14,Switzerland,fr,duplexplay,app_seo_only,ch_app,ch,queued,ok,duplexplay.ch,.ch
2026-09-14,Switzerland,fr,duplexplay suisse,app+geo,ch_app,ch,queued,ok,duplexplaysuisse.ch,.ch
2026-09-14,Switzerland,fr,iptv player apk,app_seo_only,ch_app,ch,queued,ok,iptvplayerapk.ch,.ch
2026-09-14,Switzerland,fr,iptv player apk suisse,app+geo,ch_app,ch,queued,ok,iptvplayerapksuisse.ch,.ch
2026-09-14,Switzerland,fr,iptv zurich,service+city,ch_city,ch,queued,ok,iptvzurich.ch,.ch
2026-09-14,Switzerland,fr,best iptv zurich,best+city,ch_city,ch,queued,ok,bestiptvzurich.ch,.ch
2026-09-14,Switzerland,fr,iptv subscription zurich,subscription+city,ch_city,ch,queued,ok,iptvsubscriptionzurich.ch,.ch
2026-09-14,Switzerland,fr,iptv geneve,service+city,ch_city,ch,queued,ok,iptvgeneve.ch,.ch
2026-09-14,Switzerland,fr,best iptv geneve,best+city,ch_city,ch,queued,ok,bestiptvgeneve.ch,.ch
2026-09-14,Switzerland,fr,iptv subscription geneve,subscription+city,ch_city,ch,queued,ok,iptvsubscriptiongeneve.ch,.ch
2026-09-14,Switzerland,fr,iptv geneva,service+city,ch_city,ch,queued,ok,iptvgeneva.ch,.ch
2026-09-14,Switzerland,fr,best iptv geneva,best+city,ch_city,ch,queued,ok,bestiptvgeneva.ch,.ch
2026-09-14,Switzerland,fr,iptv subscription geneva,subscription+city,ch_city,ch,queued,ok,iptvsubscriptiongeneva.ch,.ch
2026-09-14,Switzerland,fr,iptv lausanne,service+city,ch_city,ch,queued,ok,iptvlausanne.ch,.ch
2026-09-14,Switzerland,fr,best iptv lausanne,best+city,ch_city,ch,queued,ok,bestiptvlausanne.ch,.ch
2026-09-14,Switzerland,fr,iptv subscription lausanne,subscription+city,ch_city,ch,queued,ok,iptvsubscriptionlausanne.ch,.ch
2026-09-14,Switzerland,fr,iptv bern,service+city,ch_city,ch,queued,ok,iptvbern.ch,.ch
2026-09-14,Switzerland,fr,best iptv bern,best+city,ch_city,ch,queued,ok,bestiptvbern.ch,.ch
2026-09-14,Switzerland,fr,iptv subscription bern,subscription+city,ch_city,ch,queued,ok,iptvsubscriptionbern.ch,.ch
2026-09-14,Switzerland,fr,abonnement iptv suisse,local_language,ch_local,ch,queued,ok,abonnementiptvsuisse.ch,.ch
2026-09-14,Switzerland,fr,meilleur iptv suisse,local_language,ch_local,ch,queued,ok,meilleuriptvsuisse.ch,.ch
2026-09-14,Switzerland,fr,iptv abo schweiz,local_language,ch_local,ch,queued,ok,iptvaboschweiz.ch,.ch
2026-09-14,Switzerland,fr,bester iptv schweiz,local_language,ch_local,ch,queued,ok,besteriptvschweiz.ch,.ch
2026-09-14,Switzerland,de,iptv schweiz,service+geo,ch_geo,ch,queued,ok,iptvschweiz.ch,.ch
2026-09-14,Switzerland,de,best iptv schweiz,service+geo,ch_geo,ch,queued,ok,bestiptvschweiz.ch,.ch
2026-09-14,Switzerland,de,iptv provider schweiz,service+geo,ch_geo,ch,queued,ok,iptvproviderschweiz.ch,.ch
2026-09-14,Switzerland,de,iptv subscription schweiz,service+geo,ch_geo,ch,queued,ok,iptvsubscriptionschweiz.ch,.ch
2026-09-14,Switzerland,de,iptv service schweiz,service+geo,ch_geo,ch,queued,ok,iptvserviceschweiz.ch,.ch
2026-09-14,Switzerland,de,iptv services schweiz,service+geo,ch_geo,ch,queued,ok,iptvservicesschweiz.ch,.ch
2026-09-14,Switzerland,de,iptv channels schweiz,service+geo,ch_geo,ch,queued,ok,iptvchannelsschweiz.ch,.ch
2026-09-14,Switzerland,de,iptv streaming schweiz,service+geo,ch_geo,ch,queued,ok,iptvstreamingschweiz.ch,.ch
2026-09-14,Switzerland,de,iptv player schweiz,service+geo,ch_geo,ch,queued,ok,iptvplayerschweiz.ch,.ch
2026-09-14,Switzerland,de,iptv app schweiz,service+geo,ch_geo,ch,queued,ok,iptvappschweiz.ch,.ch
2026-09-14,Switzerland,de,iptv box schweiz,service+geo,ch_geo,ch,queued,ok,iptvboxschweiz.ch,.ch
2026-09-14,Switzerland,de,iptv trial schweiz,service+geo,ch_geo,ch,queued,ok,iptvtrialschweiz.ch,.ch
2026-09-14,Switzerland,de,iptv free trial schweiz,service+geo,ch_geo,ch,queued,ok,iptvfreetrialschweiz.ch,.ch
2026-09-14,Switzerland,de,iptv premium schweiz,service+geo,ch_geo,ch,queued,ok,iptvpremiumschweiz.ch,.ch
2026-09-14,Switzerland,de,iptv deals schweiz,service+geo,ch_geo,ch,queued,ok,iptvdealsschweiz.ch,.ch
2026-09-14,Switzerland,de,iptv plans schweiz,service+geo,ch_geo,ch,queued,ok,iptvplansschweiz.ch,.ch
2026-09-14,Switzerland,de,iptv packages schweiz,service+geo,ch_geo,ch,queued,ok,iptvpackagesschweiz.ch,.ch
2026-09-14,Switzerland,de,iptv online schweiz,service+geo,ch_geo,ch,queued,ok,iptvonlineschweiz.ch,.ch
2026-09-14,Switzerland,de,iptv for smart tv schweiz,device+geo,ch_device,ch,queued,ok,iptvforsmarttvschweiz.ch,.ch
2026-09-14,Switzerland,de,iptv for firestick schweiz,device+geo,ch_device,ch,queued,ok,iptvforfirestickschweiz.ch,.ch
2026-09-14,Switzerland,de,iptv for fire stick schweiz,device+geo,ch_device,ch,queued,ok,iptvforfirestickschweiz.ch,.ch
2026-09-14,Switzerland,de,iptv for android schweiz,device+geo,ch_device,ch,queued,ok,iptvforandroidschweiz.ch,.ch
2026-09-14,Switzerland,de,iptv for samsung schweiz,device+geo,ch_device,ch,queued,ok,iptvforsamsungschweiz.ch,.ch
2026-09-14,Switzerland,de,iptv for lg schweiz,device+geo,ch_device,ch,queued,ok,iptvforlgschweiz.ch,.ch
2026-09-14,Switzerland,de,iptv for roku schweiz,device+geo,ch_device,ch,queued,ok,iptvforrokuschweiz.ch,.ch
2026-09-14,Switzerland,de,iptv for apple tv schweiz,device+geo,ch_device,ch,queued,ok,iptvforappletvschweiz.ch,.ch
2026-09-14,Switzerland,de,iptv firestick schweiz,device+geo,ch_device,ch,queued,ok,iptvfirestickschweiz.ch,.ch
2026-09-14,Switzerland,de,iptv smart tv schweiz,device+geo,ch_device,ch,queued,ok,iptvsmarttvschweiz.ch,.ch
2026-09-14,Switzerland,de,iptv android box schweiz,device+geo,ch_device,ch,queued,ok,iptvandroidboxschweiz.ch,.ch
2026-09-14,Switzerland,de,iptv nvidia shield schweiz,device+geo,ch_device,ch,queued,ok,iptvnvidiashieldschweiz.ch,.ch
2026-09-14,Switzerland,de,iptv chromecast schweiz,device+geo,ch_device,ch,queued,ok,iptvchromecastschweiz.ch,.ch
2026-09-14,Switzerland,de,iptv mag box schweiz,device+geo,ch_device,ch,queued,ok,iptvmagboxschweiz.ch,.ch
2026-09-14,Switzerland,de,iptv formuler schweiz,device+geo,ch_device,ch,queued,ok,iptvformulerschweiz.ch,.ch
2026-09-14,Switzerland,de,tivimate schweiz,app+geo,ch_app,ch,queued,ok,tivimateschweiz.ch,.ch
2026-09-14,Switzerland,de,tivimate iptv schweiz,app+geo,ch_app,ch,queued,ok,tivimateiptvschweiz.ch,.ch
2026-09-14,Switzerland,de,tivimate premium schweiz,app+geo,ch_app,ch,queued,ok,tivimatepremiumschweiz.ch,.ch
2026-09-14,Switzerland,de,tivimate subscription schweiz,app+geo,ch_app,ch,queued,ok,cluster-on-country-site,ch
2026-09-14,Switzerland,de,tivimate playlist schweiz,app+geo,ch_app,ch,queued,ok,tivimateplaylistschweiz.ch,.ch
2026-09-14,Switzerland,de,iptv smarters schweiz,app+geo,ch_app,ch,queued,ok,iptvsmartersschweiz.ch,.ch
2026-09-14,Switzerland,de,smarters iptv schweiz,app+geo,ch_app,ch,queued,ok,smartersiptvschweiz.ch,.ch
2026-09-14,Switzerland,de,iptv smarters pro schweiz,app+geo,ch_app,ch,queued,ok,iptvsmartersproschweiz.ch,.ch
2026-09-14,Switzerland,de,smarters pro iptv schweiz,app+geo,ch_app,ch,queued,ok,smartersproiptvschweiz.ch,.ch
2026-09-14,Switzerland,de,iptv smarters subscription schweiz,app+geo,ch_app,ch,queued,ok,cluster-on-country-site,ch
2026-09-14,Switzerland,de,gse smart iptv schweiz,app+geo,ch_app,ch,queued,ok,gsesmartiptvschweiz.ch,.ch
2026-09-14,Switzerland,de,smart iptv app schweiz,app+geo,ch_app,ch,queued,ok,smartiptvappschweiz.ch,.ch
2026-09-14,Switzerland,de,perfect player iptv schweiz,app+geo,ch_app,ch,queued,ok,perfectplayeriptvschweiz.ch,.ch
2026-09-14,Switzerland,de,xceltv schweiz,app+geo,ch_app,ch,queued,ok,xceltvschweiz.ch,.ch
2026-09-14,Switzerland,de,ott navigator schweiz,app+geo,ch_app,ch,queued,ok,ottnavigatorschweiz.ch,.ch
2026-09-14,Switzerland,de,iptv extreme schweiz,app+geo,ch_app,ch,queued,ok,iptvextremeschweiz.ch,.ch
2026-09-14,Switzerland,de,set iptv schweiz,app+geo,ch_app,ch,queued,ok,setiptvschweiz.ch,.ch
2026-09-14,Switzerland,de,net iptv schweiz,app+geo,ch_app,ch,queued,ok,netiptvschweiz.ch,.ch
2026-09-14,Switzerland,de,ibo player schweiz,app+geo,ch_app,ch,queued,ok,iboplayerschweiz.ch,.ch
2026-09-14,Switzerland,de,duplexplay schweiz,app+geo,ch_app,ch,queued,ok,duplexplayschweiz.ch,.ch
2026-09-14,Switzerland,de,iptv player apk schweiz,app+geo,ch_app,ch,queued,ok,iptvplayerapkschweiz.ch,.ch
2026-09-14,Germany,de,iptv,service,de_core,de,queued,ok,cluster-on-country-site,de
2026-09-14,Germany,de,iptv deutschland,service+geo,de_geo,de,queued,ok,iptvdeutschland.de,.de
2026-09-14,Germany,de,iptv german,service+geo,de_geo,de,queued,ok,iptvgerman.de,.de
2026-09-14,Germany,de,best iptv,service,de_core,de,queued,ok,bestiptv.de,.de
2026-09-14,Germany,de,best iptv deutschland,service+geo,de_geo,de,queued,ok,bestiptvdeutschland.de,.de
2026-09-14,Germany,de,best iptv german,service+geo,de_geo,de,queued,ok,bestiptvgerman.de,.de
2026-09-14,Germany,de,iptv provider,service,de_core,de,queued,ok,iptvprovider.de,.de
2026-09-14,Germany,de,iptv provider deutschland,service+geo,de_geo,de,queued,ok,iptvproviderdeutschland.de,.de
2026-09-14,Germany,de,iptv provider german,service+geo,de_geo,de,queued,ok,iptvprovidergerman.de,.de
2026-09-14,Germany,de,iptv subscription,service,de_core,de,queued,ok,iptvsubscription.de,.de
2026-09-14,Germany,de,iptv subscription deutschland,service+geo,de_geo,de,queued,ok,cluster-on-country-site,de
2026-09-14,Germany,de,iptv subscription german,service+geo,de_geo,de,queued,ok,iptvsubscriptiongerman.de,.de
2026-09-14,Germany,de,iptv service,service,de_core,de,queued,ok,iptvservice.de,.de
2026-09-14,Germany,de,iptv service deutschland,service+geo,de_geo,de,queued,ok,iptvservicedeutschland.de,.de
2026-09-14,Germany,de,iptv service german,service+geo,de_geo,de,queued,ok,iptvservicegerman.de,.de
2026-09-14,Germany,de,iptv services,service,de_core,de,queued,ok,iptvservices.de,.de
2026-09-14,Germany,de,iptv services deutschland,service+geo,de_geo,de,queued,ok,iptvservicesdeutschland.de,.de
2026-09-14,Germany,de,iptv services german,service+geo,de_geo,de,queued,ok,iptvservicesgerman.de,.de
2026-09-14,Germany,de,iptv channels,service,de_core,de,queued,ok,iptvchannels.de,.de
2026-09-14,Germany,de,iptv channels deutschland,service+geo,de_geo,de,queued,ok,iptvchannelsdeutschland.de,.de
2026-09-14,Germany,de,iptv channels german,service+geo,de_geo,de,queued,ok,iptvchannelsgerman.de,.de
2026-09-14,Germany,de,iptv streaming,service,de_core,de,queued,ok,iptvstreaming.de,.de
2026-09-14,Germany,de,iptv streaming deutschland,service+geo,de_geo,de,queued,ok,iptvstreamingdeutschland.de,.de
2026-09-14,Germany,de,iptv streaming german,service+geo,de_geo,de,queued,ok,iptvstreaminggerman.de,.de
2026-09-14,Germany,de,iptv player,service,de_core,de,queued,ok,iptvplayer.de,.de
2026-09-14,Germany,de,iptv player deutschland,service+geo,de_geo,de,queued,ok,iptvplayerdeutschland.de,.de
2026-09-14,Germany,de,iptv player german,service+geo,de_geo,de,queued,ok,iptvplayergerman.de,.de
2026-09-14,Germany,de,iptv app,service,de_core,de,queued,ok,iptvapp.de,.de
2026-09-14,Germany,de,iptv app deutschland,service+geo,de_geo,de,queued,ok,iptvappdeutschland.de,.de
2026-09-14,Germany,de,iptv app german,service+geo,de_geo,de,queued,ok,iptvappgerman.de,.de
2026-09-14,Germany,de,iptv box,service,de_core,de,queued,ok,iptvbox.de,.de
2026-09-14,Germany,de,iptv box deutschland,service+geo,de_geo,de,queued,ok,iptvboxdeutschland.de,.de
2026-09-14,Germany,de,iptv box german,service+geo,de_geo,de,queued,ok,iptvboxgerman.de,.de
2026-09-14,Germany,de,iptv trial,service,de_core,de,queued,ok,iptvtrial.de,.de
2026-09-14,Germany,de,iptv trial deutschland,service+geo,de_geo,de,queued,ok,iptvtrialdeutschland.de,.de
2026-09-14,Germany,de,iptv trial german,service+geo,de_geo,de,queued,ok,iptvtrialgerman.de,.de
2026-09-14,Germany,de,iptv free trial,service,de_core,de,queued,ok,iptvfreetrial.de,.de
2026-09-14,Germany,de,iptv free trial deutschland,service+geo,de_geo,de,queued,ok,iptvfreetrialdeutschland.de,.de
2026-09-14,Germany,de,iptv free trial german,service+geo,de_geo,de,queued,ok,iptvfreetrialgerman.de,.de
2026-09-14,Germany,de,iptv premium,service,de_core,de,queued,ok,iptvpremium.de,.de
2026-09-14,Germany,de,iptv premium deutschland,service+geo,de_geo,de,queued,ok,iptvpremiumdeutschland.de,.de
2026-09-14,Germany,de,iptv premium german,service+geo,de_geo,de,queued,ok,iptvpremiumgerman.de,.de
2026-09-14,Germany,de,iptv deals,service,de_core,de,queued,ok,iptvdeals.de,.de
2026-09-14,Germany,de,iptv deals deutschland,service+geo,de_geo,de,queued,ok,iptvdealsdeutschland.de,.de
2026-09-14,Germany,de,iptv deals german,service+geo,de_geo,de,queued,ok,iptvdealsgerman.de,.de
2026-09-14,Germany,de,iptv plans,service,de_core,de,queued,ok,iptvplans.de,.de
2026-09-14,Germany,de,iptv plans deutschland,service+geo,de_geo,de,queued,ok,iptvplansdeutschland.de,.de
2026-09-14,Germany,de,iptv plans german,service+geo,de_geo,de,queued,ok,iptvplansgerman.de,.de
2026-09-14,Germany,de,iptv packages,service,de_core,de,queued,ok,iptvpackages.de,.de
2026-09-14,Germany,de,iptv packages deutschland,service+geo,de_geo,de,queued,ok,iptvpackagesdeutschland.de,.de
2026-09-14,Germany,de,iptv packages german,service+geo,de_geo,de,queued,ok,iptvpackagesgerman.de,.de
2026-09-14,Germany,de,iptv online,service,de_core,de,queued,ok,iptvonline.de,.de
2026-09-14,Germany,de,iptv online deutschland,service+geo,de_geo,de,queued,ok,iptvonlinedeutschland.de,.de
2026-09-14,Germany,de,iptv online german,service+geo,de_geo,de,queued,ok,iptvonlinegerman.de,.de
2026-09-14,Germany,de,iptv for smart tv,device,de_device,de,queued,ok,iptvforsmarttv.de,.de
2026-09-14,Germany,de,iptv for smart tv deutschland,device+geo,de_device,de,queued,ok,cluster-on-country-site,de
2026-09-14,Germany,de,iptv for firestick,device,de_device,de,queued,ok,iptvforfirestick.de,.de
2026-09-14,Germany,de,iptv for firestick deutschland,device+geo,de_device,de,queued,ok,cluster-on-country-site,de
2026-09-14,Germany,de,iptv for fire stick,device,de_device,de,queued,ok,iptvforfirestick.de,.de
2026-09-14,Germany,de,iptv for fire stick deutschland,device+geo,de_device,de,queued,ok,cluster-on-country-site,de
2026-09-14,Germany,de,iptv for android,device,de_device,de,queued,ok,iptvforandroid.de,.de
2026-09-14,Germany,de,iptv for android deutschland,device+geo,de_device,de,queued,ok,cluster-on-country-site,de
2026-09-14,Germany,de,iptv for samsung,device,de_device,de,queued,ok,iptvforsamsung.de,.de
2026-09-14,Germany,de,iptv for samsung deutschland,device+geo,de_device,de,queued,ok,cluster-on-country-site,de
2026-09-14,Germany,de,iptv for lg,device,de_device,de,queued,ok,iptvforlg.de,.de
2026-09-14,Germany,de,iptv for lg deutschland,device+geo,de_device,de,queued,ok,iptvforlgdeutschland.de,.de
2026-09-14,Germany,de,iptv for roku,device,de_device,de,queued,ok,iptvforroku.de,.de
2026-09-14,Germany,de,iptv for roku deutschland,device+geo,de_device,de,queued,ok,iptvforrokudeutschland.de,.de
2026-09-14,Germany,de,iptv for apple tv,device,de_device,de,queued,ok,iptvforappletv.de,.de
2026-09-14,Germany,de,iptv for apple tv deutschland,device+geo,de_device,de,queued,ok,cluster-on-country-site,de
2026-09-14,Germany,de,iptv firestick,device,de_device,de,queued,ok,iptvfirestick.de,.de
2026-09-14,Germany,de,iptv firestick deutschland,device+geo,de_device,de,queued,ok,iptvfirestickdeutschland.de,.de
2026-09-14,Germany,de,iptv smart tv,device,de_device,de,queued,ok,iptvsmarttv.de,.de
2026-09-14,Germany,de,iptv smart tv deutschland,device+geo,de_device,de,queued,ok,iptvsmarttvdeutschland.de,.de
2026-09-14,Germany,de,iptv android box,device,de_device,de,queued,ok,iptvandroidbox.de,.de
2026-09-14,Germany,de,iptv android box deutschland,device+geo,de_device,de,queued,ok,cluster-on-country-site,de
2026-09-14,Germany,de,iptv nvidia shield,device,de_device,de,queued,ok,iptvnvidiashield.de,.de
2026-09-14,Germany,de,iptv nvidia shield deutschland,device+geo,de_device,de,queued,ok,cluster-on-country-site,de
2026-09-14,Germany,de,iptv chromecast,device,de_device,de,queued,ok,iptvchromecast.de,.de
2026-09-14,Germany,de,iptv chromecast deutschland,device+geo,de_device,de,queued,ok,cluster-on-country-site,de
2026-09-14,Germany,de,iptv mag box,device,de_device,de,queued,ok,iptvmagbox.de,.de
2026-09-14,Germany,de,iptv mag box deutschland,device+geo,de_device,de,queued,ok,iptvmagboxdeutschland.de,.de
2026-09-14,Germany,de,iptv formuler,device,de_device,de,queued,ok,iptvformuler.de,.de
2026-09-14,Germany,de,iptv formuler deutschland,device+geo,de_device,de,queued,ok,iptvformulerdeutschland.de,.de
2026-09-14,Germany,de,tivimate,app_seo_only,de_app,de,queued,ok,tivimate.de,.de
2026-09-14,Germany,de,tivimate deutschland,app+geo,de_app,de,queued,ok,tivimatedeutschland.de,.de
2026-09-14,Germany,de,tivimate iptv,app_seo_only,de_app,de,queued,ok,tivimateiptv.de,.de
2026-09-14,Germany,de,tivimate iptv deutschland,app+geo,de_app,de,queued,ok,tivimateiptvdeutschland.de,.de
2026-09-14,Germany,de,tivimate premium,app_seo_only,de_app,de,queued,ok,tivimatepremium.de,.de
2026-09-14,Germany,de,tivimate premium deutschland,app+geo,de_app,de,queued,ok,cluster-on-country-site,de
2026-09-14,Germany,de,tivimate subscription,app_seo_only,de_app,de,queued,ok,tivimatesubscription.de,.de
2026-09-14,Germany,de,tivimate subscription deutschland,app+geo,de_app,de,queued,ok,cluster-on-country-site,de
2026-09-14,Germany,de,tivimate playlist,app_seo_only,de_app,de,queued,ok,tivimateplaylist.de,.de
2026-09-14,Germany,de,tivimate playlist deutschland,app+geo,de_app,de,queued,ok,cluster-on-country-site,de
2026-09-14,Germany,de,iptv smarters,app_seo_only,de_app,de,queued,ok,iptvsmarters.de,.de
2026-09-14,Germany,de,iptv smarters deutschland,app+geo,de_app,de,queued,ok,iptvsmartersdeutschland.de,.de
2026-09-14,Germany,de,smarters iptv,app_seo_only,de_app,de,queued,ok,smartersiptv.de,.de
2026-09-14,Germany,de,smarters iptv deutschland,app+geo,de_app,de,queued,ok,smartersiptvdeutschland.de,.de
2026-09-14,Germany,de,iptv smarters pro,app_seo_only,de_app,de,queued,ok,iptvsmarterspro.de,.de
2026-09-14,Germany,de,iptv smarters pro deutschland,app+geo,de_app,de,queued,ok,cluster-on-country-site,de
2026-09-14,Germany,de,smarters pro iptv,app_seo_only,de_app,de,queued,ok,smartersproiptv.de,.de
2026-09-14,Germany,de,smarters pro iptv deutschland,app+geo,de_app,de,queued,ok,cluster-on-country-site,de
2026-09-14,Germany,de,iptv smarters subscription,app_seo_only,de_app,de,queued,ok,iptvsmarterssubscription.de,.de
2026-09-14,Germany,de,iptv smarters subscription deutschland,app+geo,de_app,de,queued,ok,cluster-on-country-site,de
2026-09-14,Germany,de,gse smart iptv,app_seo_only,de_app,de,queued,ok,gsesmartiptv.de,.de
2026-09-14,Germany,de,gse smart iptv deutschland,app+geo,de_app,de,queued,ok,gsesmartiptvdeutschland.de,.de
2026-09-14,Germany,de,smart iptv app,app_seo_only,de_app,de,queued,ok,smartiptvapp.de,.de
2026-09-14,Germany,de,smart iptv app deutschland,app+geo,de_app,de,queued,ok,smartiptvappdeutschland.de,.de
2026-09-14,Germany,de,perfect player iptv,app_seo_only,de_app,de,queued,ok,perfectplayeriptv.de,.de
2026-09-14,Germany,de,perfect player iptv deutschland,app+geo,de_app,de,queued,ok,cluster-on-country-site,de
2026-09-14,Germany,de,xceltv,app_seo_only,de_app,de,queued,ok,xceltv.de,.de
2026-09-14,Germany,de,xceltv deutschland,app+geo,de_app,de,queued,ok,xceltvdeutschland.de,.de
2026-09-14,Germany,de,ott navigator,app_seo_only,de_app,de,queued,ok,ottnavigator.de,.de
2026-09-14,Germany,de,ott navigator deutschland,app+geo,de_app,de,queued,ok,ottnavigatordeutschland.de,.de
2026-09-14,Germany,de,iptv extreme,app_seo_only,de_app,de,queued,ok,iptvextreme.de,.de
2026-09-14,Germany,de,iptv extreme deutschland,app+geo,de_app,de,queued,ok,iptvextremedeutschland.de,.de
2026-09-14,Germany,de,set iptv,app_seo_only,de_app,de,queued,ok,setiptv.de,.de
2026-09-14,Germany,de,set iptv deutschland,app+geo,de_app,de,queued,ok,setiptvdeutschland.de,.de
2026-09-14,Germany,de,net iptv,app_seo_only,de_app,de,queued,ok,netiptv.de,.de
2026-09-14,Germany,de,net iptv deutschland,app+geo,de_app,de,queued,ok,netiptvdeutschland.de,.de
2026-09-14,Germany,de,ibo player,app_seo_only,de_app,de,queued,ok,iboplayer.de,.de
2026-09-14,Germany,de,ibo player deutschland,app+geo,de_app,de,queued,ok,iboplayerdeutschland.de,.de
2026-09-14,Germany,de,duplexplay,app_seo_only,de_app,de,queued,ok,duplexplay.de,.de
2026-09-14,Germany,de,duplexplay deutschland,app+geo,de_app,de,queued,ok,duplexplaydeutschland.de,.de
2026-09-14,Germany,de,iptv player apk,app_seo_only,de_app,de,queued,ok,iptvplayerapk.de,.de
2026-09-14,Germany,de,iptv player apk deutschland,app+geo,de_app,de,queued,ok,iptvplayerapkdeutschland.de,.de
2026-09-14,Germany,de,iptv berlin,service+city,de_city,de,queued,ok,iptvberlin.de,.de
2026-09-14,Germany,de,best iptv berlin,best+city,de_city,de,queued,ok,bestiptvberlin.de,.de
2026-09-14,Germany,de,iptv subscription berlin,subscription+city,de_city,de,queued,ok,iptvsubscriptionberlin.de,.de
2026-09-14,Germany,de,iptv munich,service+city,de_city,de,queued,ok,iptvmunich.de,.de
2026-09-14,Germany,de,best iptv munich,best+city,de_city,de,queued,ok,bestiptvmunich.de,.de
2026-09-14,Germany,de,iptv subscription munich,subscription+city,de_city,de,queued,ok,iptvsubscriptionmunich.de,.de
2026-09-14,Germany,de,iptv hamburg,service+city,de_city,de,queued,ok,iptvhamburg.de,.de
2026-09-14,Germany,de,best iptv hamburg,best+city,de_city,de,queued,ok,bestiptvhamburg.de,.de
2026-09-14,Germany,de,iptv subscription hamburg,subscription+city,de_city,de,queued,ok,iptvsubscriptionhamburg.de,.de
2026-09-14,Germany,de,iptv frankfurt,service+city,de_city,de,queued,ok,iptvfrankfurt.de,.de
2026-09-14,Germany,de,best iptv frankfurt,best+city,de_city,de,queued,ok,bestiptvfrankfurt.de,.de
2026-09-14,Germany,de,iptv subscription frankfurt,subscription+city,de_city,de,queued,ok,cluster-on-country-site,de
2026-09-14,Germany,de,iptv cologne,service+city,de_city,de,queued,ok,iptvcologne.de,.de
2026-09-14,Germany,de,best iptv cologne,best+city,de_city,de,queued,ok,bestiptvcologne.de,.de
2026-09-14,Germany,de,iptv subscription cologne,subscription+city,de_city,de,queued,ok,iptvsubscriptioncologne.de,.de
2026-09-14,Germany,de,iptv anbieter,local_language,de_local,de,queued,ok,iptvanbieter.de,.de
2026-09-14,Germany,de,iptv abo,local_language,de_local,de,queued,ok,iptvabo.de,.de
2026-09-14,Germany,de,bester iptv,local_language,de_local,de,queued,ok,besteriptv.de,.de
2026-09-14,Germany,de,iptv test,local_language,de_local,de,queued,ok,iptvtest.de,.de
2026-09-14,Germany,de,iptv vergleich,local_language,de_local,de,queued,ok,iptvvergleich.de,.de
2026-09-14,Germany,de,gunstiger iptv,local_language,de_local,de,queued,ok,gunstigeriptv.de,.de
2026-09-14,Germany,de,iptv legal deutschland,local_language,de_local,de,queued,ok,iptvlegaldeutschland.de,.de
2026-09-14,Netherlands,nl,iptv,service,nl_core,nl,queued,ok,cluster-on-country-site,nl
2026-09-14,Netherlands,nl,iptv nederland,service+geo,nl_geo,nl,queued,ok,iptvnederland.nl,.nl
2026-09-14,Netherlands,nl,iptv dutch,service+geo,nl_geo,nl,queued,ok,iptvdutch.nl,.nl
2026-09-14,Netherlands,nl,best iptv,service,nl_core,nl,queued,ok,bestiptv.nl,.nl
2026-09-14,Netherlands,nl,best iptv nederland,service+geo,nl_geo,nl,queued,ok,bestiptvnederland.nl,.nl
2026-09-14,Netherlands,nl,best iptv dutch,service+geo,nl_geo,nl,queued,ok,bestiptvdutch.nl,.nl
2026-09-14,Netherlands,nl,iptv provider,service,nl_core,nl,queued,ok,iptvprovider.nl,.nl
2026-09-14,Netherlands,nl,iptv provider nederland,service+geo,nl_geo,nl,queued,ok,iptvprovidernederland.nl,.nl
2026-09-14,Netherlands,nl,iptv provider dutch,service+geo,nl_geo,nl,queued,ok,iptvproviderdutch.nl,.nl
2026-09-14,Netherlands,nl,iptv subscription,service,nl_core,nl,queued,ok,iptvsubscription.nl,.nl
2026-09-14,Netherlands,nl,iptv subscription nederland,service+geo,nl_geo,nl,queued,ok,cluster-on-country-site,nl
2026-09-14,Netherlands,nl,iptv subscription dutch,service+geo,nl_geo,nl,queued,ok,iptvsubscriptiondutch.nl,.nl
2026-09-14,Netherlands,nl,iptv service,service,nl_core,nl,queued,ok,iptvservice.nl,.nl
2026-09-14,Netherlands,nl,iptv service nederland,service+geo,nl_geo,nl,queued,ok,iptvservicenederland.nl,.nl
2026-09-14,Netherlands,nl,iptv service dutch,service+geo,nl_geo,nl,queued,ok,iptvservicedutch.nl,.nl
2026-09-14,Netherlands,nl,iptv services,service,nl_core,nl,queued,ok,iptvservices.nl,.nl
2026-09-14,Netherlands,nl,iptv services nederland,service+geo,nl_geo,nl,queued,ok,iptvservicesnederland.nl,.nl
2026-09-14,Netherlands,nl,iptv services dutch,service+geo,nl_geo,nl,queued,ok,iptvservicesdutch.nl,.nl
2026-09-14,Netherlands,nl,iptv channels,service,nl_core,nl,queued,ok,iptvchannels.nl,.nl
2026-09-14,Netherlands,nl,iptv channels nederland,service+geo,nl_geo,nl,queued,ok,iptvchannelsnederland.nl,.nl
2026-09-14,Netherlands,nl,iptv channels dutch,service+geo,nl_geo,nl,queued,ok,iptvchannelsdutch.nl,.nl
2026-09-14,Netherlands,nl,iptv streaming,service,nl_core,nl,queued,ok,iptvstreaming.nl,.nl
2026-09-14,Netherlands,nl,iptv streaming nederland,service+geo,nl_geo,nl,queued,ok,iptvstreamingnederland.nl,.nl
2026-09-14,Netherlands,nl,iptv streaming dutch,service+geo,nl_geo,nl,queued,ok,iptvstreamingdutch.nl,.nl
2026-09-14,Netherlands,nl,iptv player,service,nl_core,nl,queued,ok,iptvplayer.nl,.nl
2026-09-14,Netherlands,nl,iptv player nederland,service+geo,nl_geo,nl,queued,ok,iptvplayernederland.nl,.nl
2026-09-14,Netherlands,nl,iptv player dutch,service+geo,nl_geo,nl,queued,ok,iptvplayerdutch.nl,.nl
2026-09-14,Netherlands,nl,iptv app,service,nl_core,nl,queued,ok,iptvapp.nl,.nl
2026-09-14,Netherlands,nl,iptv app nederland,service+geo,nl_geo,nl,queued,ok,iptvappnederland.nl,.nl
2026-09-14,Netherlands,nl,iptv app dutch,service+geo,nl_geo,nl,queued,ok,iptvappdutch.nl,.nl
2026-09-14,Netherlands,nl,iptv box,service,nl_core,nl,queued,ok,iptvbox.nl,.nl
2026-09-14,Netherlands,nl,iptv box nederland,service+geo,nl_geo,nl,queued,ok,iptvboxnederland.nl,.nl
2026-09-14,Netherlands,nl,iptv box dutch,service+geo,nl_geo,nl,queued,ok,iptvboxdutch.nl,.nl
2026-09-14,Netherlands,nl,iptv trial,service,nl_core,nl,queued,ok,iptvtrial.nl,.nl
2026-09-14,Netherlands,nl,iptv trial nederland,service+geo,nl_geo,nl,queued,ok,iptvtrialnederland.nl,.nl
2026-09-14,Netherlands,nl,iptv trial dutch,service+geo,nl_geo,nl,queued,ok,iptvtrialdutch.nl,.nl
2026-09-14,Netherlands,nl,iptv free trial,service,nl_core,nl,queued,ok,iptvfreetrial.nl,.nl
2026-09-14,Netherlands,nl,iptv free trial nederland,service+geo,nl_geo,nl,queued,ok,iptvfreetrialnederland.nl,.nl
2026-09-14,Netherlands,nl,iptv free trial dutch,service+geo,nl_geo,nl,queued,ok,iptvfreetrialdutch.nl,.nl
2026-09-14,Netherlands,nl,iptv premium,service,nl_core,nl,queued,ok,iptvpremium.nl,.nl
2026-09-14,Netherlands,nl,iptv premium nederland,service+geo,nl_geo,nl,queued,ok,iptvpremiumnederland.nl,.nl
2026-09-14,Netherlands,nl,iptv premium dutch,service+geo,nl_geo,nl,queued,ok,iptvpremiumdutch.nl,.nl
2026-09-14,Netherlands,nl,iptv deals,service,nl_core,nl,queued,ok,iptvdeals.nl,.nl
2026-09-14,Netherlands,nl,iptv deals nederland,service+geo,nl_geo,nl,queued,ok,iptvdealsnederland.nl,.nl
2026-09-14,Netherlands,nl,iptv deals dutch,service+geo,nl_geo,nl,queued,ok,iptvdealsdutch.nl,.nl
2026-09-14,Netherlands,nl,iptv plans,service,nl_core,nl,queued,ok,iptvplans.nl,.nl
2026-09-14,Netherlands,nl,iptv plans nederland,service+geo,nl_geo,nl,queued,ok,iptvplansnederland.nl,.nl
2026-09-14,Netherlands,nl,iptv plans dutch,service+geo,nl_geo,nl,queued,ok,iptvplansdutch.nl,.nl
2026-09-14,Netherlands,nl,iptv packages,service,nl_core,nl,queued,ok,iptvpackages.nl,.nl
2026-09-14,Netherlands,nl,iptv packages nederland,service+geo,nl_geo,nl,queued,ok,iptvpackagesnederland.nl,.nl
2026-09-14,Netherlands,nl,iptv packages dutch,service+geo,nl_geo,nl,queued,ok,iptvpackagesdutch.nl,.nl
2026-09-14,Netherlands,nl,iptv online,service,nl_core,nl,queued,ok,iptvonline.nl,.nl
2026-09-14,Netherlands,nl,iptv online nederland,service+geo,nl_geo,nl,queued,ok,iptvonlinenederland.nl,.nl
2026-09-14,Netherlands,nl,iptv online dutch,service+geo,nl_geo,nl,queued,ok,iptvonlinedutch.nl,.nl
2026-09-14,Netherlands,nl,iptv for smart tv,device,nl_device,nl,queued,ok,iptvforsmarttv.nl,.nl
2026-09-14,Netherlands,nl,iptv for smart tv nederland,device+geo,nl_device,nl,queued,ok,iptvforsmarttvnederland.nl,.nl
2026-09-14,Netherlands,nl,iptv for firestick,device,nl_device,nl,queued,ok,iptvforfirestick.nl,.nl
2026-09-14,Netherlands,nl,iptv for firestick nederland,device+geo,nl_device,nl,queued,ok,cluster-on-country-site,nl
2026-09-14,Netherlands,nl,iptv for fire stick,device,nl_device,nl,queued,ok,iptvforfirestick.nl,.nl
2026-09-14,Netherlands,nl,iptv for fire stick nederland,device+geo,nl_device,nl,queued,ok,cluster-on-country-site,nl
2026-09-14,Netherlands,nl,iptv for android,device,nl_device,nl,queued,ok,iptvforandroid.nl,.nl
2026-09-14,Netherlands,nl,iptv for android nederland,device+geo,nl_device,nl,queued,ok,iptvforandroidnederland.nl,.nl
2026-09-14,Netherlands,nl,iptv for samsung,device,nl_device,nl,queued,ok,iptvforsamsung.nl,.nl
2026-09-14,Netherlands,nl,iptv for samsung nederland,device+geo,nl_device,nl,queued,ok,iptvforsamsungnederland.nl,.nl
2026-09-14,Netherlands,nl,iptv for lg,device,nl_device,nl,queued,ok,iptvforlg.nl,.nl
2026-09-14,Netherlands,nl,iptv for lg nederland,device+geo,nl_device,nl,queued,ok,iptvforlgnederland.nl,.nl
2026-09-14,Netherlands,nl,iptv for roku,device,nl_device,nl,queued,ok,iptvforroku.nl,.nl
2026-09-14,Netherlands,nl,iptv for roku nederland,device+geo,nl_device,nl,queued,ok,iptvforrokunederland.nl,.nl
2026-09-14,Netherlands,nl,iptv for apple tv,device,nl_device,nl,queued,ok,iptvforappletv.nl,.nl
2026-09-14,Netherlands,nl,iptv for apple tv nederland,device+geo,nl_device,nl,queued,ok,iptvforappletvnederland.nl,.nl
2026-09-14,Netherlands,nl,iptv firestick,device,nl_device,nl,queued,ok,iptvfirestick.nl,.nl
2026-09-14,Netherlands,nl,iptv firestick nederland,device+geo,nl_device,nl,queued,ok,iptvfiresticknederland.nl,.nl
2026-09-14,Netherlands,nl,iptv smart tv,device,nl_device,nl,queued,ok,iptvsmarttv.nl,.nl
2026-09-14,Netherlands,nl,iptv smart tv nederland,device+geo,nl_device,nl,queued,ok,iptvsmarttvnederland.nl,.nl
2026-09-14,Netherlands,nl,iptv android box,device,nl_device,nl,queued,ok,iptvandroidbox.nl,.nl
2026-09-14,Netherlands,nl,iptv android box nederland,device+geo,nl_device,nl,queued,ok,iptvandroidboxnederland.nl,.nl
2026-09-14,Netherlands,nl,iptv nvidia shield,device,nl_device,nl,queued,ok,iptvnvidiashield.nl,.nl
2026-09-14,Netherlands,nl,iptv nvidia shield nederland,device+geo,nl_device,nl,queued,ok,cluster-on-country-site,nl
2026-09-14,Netherlands,nl,iptv chromecast,device,nl_device,nl,queued,ok,iptvchromecast.nl,.nl
2026-09-14,Netherlands,nl,iptv chromecast nederland,device+geo,nl_device,nl,queued,ok,iptvchromecastnederland.nl,.nl
2026-09-14,Netherlands,nl,iptv mag box,device,nl_device,nl,queued,ok,iptvmagbox.nl,.nl
2026-09-14,Netherlands,nl,iptv mag box nederland,device+geo,nl_device,nl,queued,ok,iptvmagboxnederland.nl,.nl
2026-09-14,Netherlands,nl,iptv formuler,device,nl_device,nl,queued,ok,iptvformuler.nl,.nl
2026-09-14,Netherlands,nl,iptv formuler nederland,device+geo,nl_device,nl,queued,ok,iptvformulernederland.nl,.nl
2026-09-14,Netherlands,nl,tivimate,app_seo_only,nl_app,nl,queued,ok,tivimate.nl,.nl
2026-09-14,Netherlands,nl,tivimate nederland,app+geo,nl_app,nl,queued,ok,tivimatenederland.nl,.nl
2026-09-14,Netherlands,nl,tivimate iptv,app_seo_only,nl_app,nl,queued,ok,tivimateiptv.nl,.nl
2026-09-14,Netherlands,nl,tivimate iptv nederland,app+geo,nl_app,nl,queued,ok,tivimateiptvnederland.nl,.nl
2026-09-14,Netherlands,nl,tivimate premium,app_seo_only,nl_app,nl,queued,ok,tivimatepremium.nl,.nl
2026-09-14,Netherlands,nl,tivimate premium nederland,app+geo,nl_app,nl,queued,ok,tivimatepremiumnederland.nl,.nl
2026-09-14,Netherlands,nl,tivimate subscription,app_seo_only,nl_app,nl,queued,ok,tivimatesubscription.nl,.nl
2026-09-14,Netherlands,nl,tivimate subscription nederland,app+geo,nl_app,nl,queued,ok,cluster-on-country-site,nl
2026-09-14,Netherlands,nl,tivimate playlist,app_seo_only,nl_app,nl,queued,ok,tivimateplaylist.nl,.nl
2026-09-14,Netherlands,nl,tivimate playlist nederland,app+geo,nl_app,nl,queued,ok,cluster-on-country-site,nl
2026-09-14,Netherlands,nl,iptv smarters,app_seo_only,nl_app,nl,queued,ok,iptvsmarters.nl,.nl
2026-09-14,Netherlands,nl,iptv smarters nederland,app+geo,nl_app,nl,queued,ok,iptvsmartersnederland.nl,.nl
2026-09-14,Netherlands,nl,smarters iptv,app_seo_only,nl_app,nl,queued,ok,smartersiptv.nl,.nl
2026-09-14,Netherlands,nl,smarters iptv nederland,app+geo,nl_app,nl,queued,ok,smartersiptvnederland.nl,.nl
2026-09-14,Netherlands,nl,iptv smarters pro,app_seo_only,nl_app,nl,queued,ok,iptvsmarterspro.nl,.nl
2026-09-14,Netherlands,nl,iptv smarters pro nederland,app+geo,nl_app,nl,queued,ok,iptvsmarterspronederland.nl,.nl
2026-09-14,Netherlands,nl,smarters pro iptv,app_seo_only,nl_app,nl,queued,ok,smartersproiptv.nl,.nl
2026-09-14,Netherlands,nl,smarters pro iptv nederland,app+geo,nl_app,nl,queued,ok,smartersproiptvnederland.nl,.nl
2026-09-14,Netherlands,nl,iptv smarters subscription,app_seo_only,nl_app,nl,queued,ok,iptvsmarterssubscription.nl,.nl
2026-09-14,Netherlands,nl,iptv smarters subscription nederland,app+geo,nl_app,nl,queued,ok,cluster-on-country-site,nl
2026-09-14,Netherlands,nl,gse smart iptv,app_seo_only,nl_app,nl,queued,ok,gsesmartiptv.nl,.nl
2026-09-14,Netherlands,nl,gse smart iptv nederland,app+geo,nl_app,nl,queued,ok,gsesmartiptvnederland.nl,.nl
2026-09-14,Netherlands,nl,smart iptv app,app_seo_only,nl_app,nl,queued,ok,smartiptvapp.nl,.nl
2026-09-14,Netherlands,nl,smart iptv app nederland,app+geo,nl_app,nl,queued,ok,smartiptvappnederland.nl,.nl
2026-09-14,Netherlands,nl,perfect player iptv,app_seo_only,nl_app,nl,queued,ok,perfectplayeriptv.nl,.nl
2026-09-14,Netherlands,nl,perfect player iptv nederland,app+geo,nl_app,nl,queued,ok,cluster-on-country-site,nl
2026-09-14,Netherlands,nl,xceltv,app_seo_only,nl_app,nl,queued,ok,xceltv.nl,.nl
2026-09-14,Netherlands,nl,xceltv nederland,app+geo,nl_app,nl,queued,ok,xceltvnederland.nl,.nl
2026-09-14,Netherlands,nl,ott navigator,app_seo_only,nl_app,nl,queued,ok,ottnavigator.nl,.nl
2026-09-14,Netherlands,nl,ott navigator nederland,app+geo,nl_app,nl,queued,ok,ottnavigatornederland.nl,.nl
2026-09-14,Netherlands,nl,iptv extreme,app_seo_only,nl_app,nl,queued,ok,iptvextreme.nl,.nl
2026-09-14,Netherlands,nl,iptv extreme nederland,app+geo,nl_app,nl,queued,ok,iptvextremenederland.nl,.nl
2026-09-14,Netherlands,nl,set iptv,app_seo_only,nl_app,nl,queued,ok,setiptv.nl,.nl
2026-09-14,Netherlands,nl,set iptv nederland,app+geo,nl_app,nl,queued,ok,setiptvnederland.nl,.nl
2026-09-14,Netherlands,nl,net iptv,app_seo_only,nl_app,nl,queued,ok,netiptv.nl,.nl
2026-09-14,Netherlands,nl,net iptv nederland,app+geo,nl_app,nl,queued,ok,netiptvnederland.nl,.nl
2026-09-14,Netherlands,nl,ibo player,app_seo_only,nl_app,nl,queued,ok,iboplayer.nl,.nl
2026-09-14,Netherlands,nl,ibo player nederland,app+geo,nl_app,nl,queued,ok,iboplayernederland.nl,.nl
2026-09-14,Netherlands,nl,duplexplay,app_seo_only,nl_app,nl,queued,ok,duplexplay.nl,.nl
2026-09-14,Netherlands,nl,duplexplay nederland,app+geo,nl_app,nl,queued,ok,duplexplaynederland.nl,.nl
2026-09-14,Netherlands,nl,iptv player apk,app_seo_only,nl_app,nl,queued,ok,iptvplayerapk.nl,.nl
2026-09-14,Netherlands,nl,iptv player apk nederland,app+geo,nl_app,nl,queued,ok,iptvplayerapknederland.nl,.nl
2026-09-14,Netherlands,nl,iptv amsterdam,service+city,nl_city,nl,queued,ok,iptvamsterdam.nl,.nl
2026-09-14,Netherlands,nl,best iptv amsterdam,best+city,nl_city,nl,queued,ok,bestiptvamsterdam.nl,.nl
2026-09-14,Netherlands,nl,iptv subscription amsterdam,subscription+city,nl_city,nl,queued,ok,cluster-on-country-site,nl
2026-09-14,Netherlands,nl,iptv rotterdam,service+city,nl_city,nl,queued,ok,iptvrotterdam.nl,.nl
2026-09-14,Netherlands,nl,best iptv rotterdam,best+city,nl_city,nl,queued,ok,bestiptvrotterdam.nl,.nl
2026-09-14,Netherlands,nl,iptv subscription rotterdam,subscription+city,nl_city,nl,queued,ok,cluster-on-country-site,nl
2026-09-14,Netherlands,nl,iptv den haag,service+city,nl_city,nl,queued,ok,iptvdenhaag.nl,.nl
2026-09-14,Netherlands,nl,best iptv den haag,best+city,nl_city,nl,queued,ok,bestiptvdenhaag.nl,.nl
2026-09-14,Netherlands,nl,iptv subscription den haag,subscription+city,nl_city,nl,queued,ok,iptvsubscriptiondenhaag.nl,.nl
2026-09-14,Netherlands,nl,iptv utrecht,service+city,nl_city,nl,queued,ok,iptvutrecht.nl,.nl
2026-09-14,Netherlands,nl,best iptv utrecht,best+city,nl_city,nl,queued,ok,bestiptvutrecht.nl,.nl
2026-09-14,Netherlands,nl,iptv subscription utrecht,subscription+city,nl_city,nl,queued,ok,iptvsubscriptionutrecht.nl,.nl
2026-09-14,Netherlands,nl,iptv abonnement,local_language,nl_local,nl,queued,ok,iptvabonnement.nl,.nl
2026-09-14,Netherlands,nl,beste iptv,local_language,nl_local,nl,queued,ok,besteiptv.nl,.nl
2026-09-14,Netherlands,nl,iptv aanbieder,local_language,nl_local,nl,queued,ok,iptvaanbieder.nl,.nl
2026-09-14,Netherlands,nl,iptv vergelijken,local_language,nl_local,nl,queued,ok,iptvvergelijken.nl,.nl
2026-09-14,Netherlands,nl,goedkope iptv,local_language,nl_local,nl,queued,ok,goedkopeiptv.nl,.nl
2026-09-14,Netherlands,nl,iptv proberen,local_language,nl_local,nl,queued,ok,iptvproberen.nl,.nl
2026-09-14,Australia,en,iptv,service,au_core,au,queued,ok,cluster-on-country-site,au
2026-09-14,Australia,en,iptv australia,service+geo,au_geo,au,queued,ok,iptvaustralia.com.au,.com.au
2026-09-14,Australia,en,iptv australian,service+geo,au_geo,au,queued,ok,iptvaustralian.com.au,.com.au
2026-09-14,Australia,en,iptv aussie,service+geo,au_geo,au,queued,ok,iptvaussie.com.au,.com.au
2026-09-14,Australia,en,best iptv,service,au_core,au,queued,ok,bestiptv.com.au,.com.au
2026-09-14,Australia,en,best iptv australia,service+geo,au_geo,au,queued,ok,bestiptvaustralia.com.au,.com.au
2026-09-14,Australia,en,best iptv australian,service+geo,au_geo,au,queued,ok,bestiptvaustralian.com.au,.com.au
2026-09-14,Australia,en,best iptv aussie,service+geo,au_geo,au,queued,ok,bestiptvaussie.com.au,.com.au
2026-09-14,Australia,en,iptv provider,service,au_core,au,queued,ok,iptvprovider.com.au,.com.au
2026-09-14,Australia,en,iptv provider australia,service+geo,au_geo,au,queued,ok,iptvprovideraustralia.com.au,.com.au
2026-09-14,Australia,en,iptv provider australian,service+geo,au_geo,au,queued,ok,iptvprovideraustralian.com.au,.com.au
2026-09-14,Australia,en,iptv provider aussie,service+geo,au_geo,au,queued,ok,iptvprovideraussie.com.au,.com.au
2026-09-14,Australia,en,iptv subscription,service,au_core,au,queued,ok,iptvsubscription.com.au,.com.au
2026-09-14,Australia,en,iptv subscription australia,service+geo,au_geo,au,queued,ok,cluster-on-country-site,au
2026-09-14,Australia,en,iptv subscription australian,service+geo,au_geo,au,queued,ok,cluster-on-country-site,au
2026-09-14,Australia,en,iptv subscription aussie,service+geo,au_geo,au,queued,ok,iptvsubscriptionaussie.com.au,.com.au
2026-09-14,Australia,en,iptv service,service,au_core,au,queued,ok,iptvservice.com.au,.com.au
2026-09-14,Australia,en,iptv service australia,service+geo,au_geo,au,queued,ok,iptvserviceaustralia.com.au,.com.au
2026-09-14,Australia,en,iptv service australian,service+geo,au_geo,au,queued,ok,iptvserviceaustralian.com.au,.com.au
2026-09-14,Australia,en,iptv service aussie,service+geo,au_geo,au,queued,ok,iptvserviceaussie.com.au,.com.au
2026-09-14,Australia,en,iptv services,service,au_core,au,queued,ok,iptvservices.com.au,.com.au
2026-09-14,Australia,en,iptv services australia,service+geo,au_geo,au,queued,ok,iptvservicesaustralia.com.au,.com.au
2026-09-14,Australia,en,iptv services australian,service+geo,au_geo,au,queued,ok,iptvservicesaustralian.com.au,.com.au
2026-09-14,Australia,en,iptv services aussie,service+geo,au_geo,au,queued,ok,iptvservicesaussie.com.au,.com.au
2026-09-14,Australia,en,iptv channels,service,au_core,au,queued,ok,iptvchannels.com.au,.com.au
2026-09-14,Australia,en,iptv channels australia,service+geo,au_geo,au,queued,ok,iptvchannelsaustralia.com.au,.com.au
2026-09-14,Australia,en,iptv channels australian,service+geo,au_geo,au,queued,ok,iptvchannelsaustralian.com.au,.com.au
2026-09-14,Australia,en,iptv channels aussie,service+geo,au_geo,au,queued,ok,iptvchannelsaussie.com.au,.com.au
2026-09-14,Australia,en,iptv streaming,service,au_core,au,queued,ok,iptvstreaming.com.au,.com.au
2026-09-14,Australia,en,iptv streaming australia,service+geo,au_geo,au,queued,ok,iptvstreamingaustralia.com.au,.com.au
2026-09-14,Australia,en,iptv streaming australian,service+geo,au_geo,au,queued,ok,iptvstreamingaustralian.com.au,.com.au
2026-09-14,Australia,en,iptv streaming aussie,service+geo,au_geo,au,queued,ok,iptvstreamingaussie.com.au,.com.au
2026-09-14,Australia,en,iptv player,service,au_core,au,queued,ok,iptvplayer.com.au,.com.au
2026-09-14,Australia,en,iptv player australia,service+geo,au_geo,au,queued,ok,iptvplayeraustralia.com.au,.com.au
2026-09-14,Australia,en,iptv player australian,service+geo,au_geo,au,queued,ok,iptvplayeraustralian.com.au,.com.au
2026-09-14,Australia,en,iptv player aussie,service+geo,au_geo,au,queued,ok,iptvplayeraussie.com.au,.com.au
2026-09-14,Australia,en,iptv app,service,au_core,au,queued,ok,iptvapp.com.au,.com.au
2026-09-14,Australia,en,iptv app australia,service+geo,au_geo,au,queued,ok,iptvappaustralia.com.au,.com.au
2026-09-14,Australia,en,iptv app australian,service+geo,au_geo,au,queued,ok,iptvappaustralian.com.au,.com.au
2026-09-14,Australia,en,iptv app aussie,service+geo,au_geo,au,queued,ok,iptvappaussie.com.au,.com.au
2026-09-14,Australia,en,iptv box,service,au_core,au,queued,ok,iptvbox.com.au,.com.au
2026-09-14,Australia,en,iptv box australia,service+geo,au_geo,au,queued,ok,iptvboxaustralia.com.au,.com.au
2026-09-14,Australia,en,iptv box australian,service+geo,au_geo,au,queued,ok,iptvboxaustralian.com.au,.com.au
2026-09-14,Australia,en,iptv box aussie,service+geo,au_geo,au,queued,ok,iptvboxaussie.com.au,.com.au
2026-09-14,Australia,en,iptv trial,service,au_core,au,queued,ok,iptvtrial.com.au,.com.au
2026-09-14,Australia,en,iptv trial australia,service+geo,au_geo,au,queued,ok,iptvtrialaustralia.com.au,.com.au
2026-09-14,Australia,en,iptv trial australian,service+geo,au_geo,au,queued,ok,iptvtrialaustralian.com.au,.com.au
2026-09-14,Australia,en,iptv trial aussie,service+geo,au_geo,au,queued,ok,iptvtrialaussie.com.au,.com.au
2026-09-14,Australia,en,iptv free trial,service,au_core,au,queued,ok,iptvfreetrial.com.au,.com.au
2026-09-14,Australia,en,iptv free trial australia,service+geo,au_geo,au,queued,ok,iptvfreetrialaustralia.com.au,.com.au
2026-09-14,Australia,en,iptv free trial australian,service+geo,au_geo,au,queued,ok,iptvfreetrialaustralian.com.au,.com.au
2026-09-14,Australia,en,iptv free trial aussie,service+geo,au_geo,au,queued,ok,iptvfreetrialaussie.com.au,.com.au
2026-09-14,Australia,en,iptv premium,service,au_core,au,queued,ok,iptvpremium.com.au,.com.au
2026-09-14,Australia,en,iptv premium australia,service+geo,au_geo,au,queued,ok,iptvpremiumaustralia.com.au,.com.au
2026-09-14,Australia,en,iptv premium australian,service+geo,au_geo,au,queued,ok,iptvpremiumaustralian.com.au,.com.au
2026-09-14,Australia,en,iptv premium aussie,service+geo,au_geo,au,queued,ok,iptvpremiumaussie.com.au,.com.au
2026-09-14,Australia,en,iptv deals,service,au_core,au,queued,ok,iptvdeals.com.au,.com.au
2026-09-14,Australia,en,iptv deals australia,service+geo,au_geo,au,queued,ok,iptvdealsaustralia.com.au,.com.au
2026-09-14,Australia,en,iptv deals australian,service+geo,au_geo,au,queued,ok,iptvdealsaustralian.com.au,.com.au
2026-09-14,Australia,en,iptv deals aussie,service+geo,au_geo,au,queued,ok,iptvdealsaussie.com.au,.com.au
2026-09-14,Australia,en,iptv plans,service,au_core,au,queued,ok,iptvplans.com.au,.com.au
2026-09-14,Australia,en,iptv plans australia,service+geo,au_geo,au,queued,ok,iptvplansaustralia.com.au,.com.au
2026-09-14,Australia,en,iptv plans australian,service+geo,au_geo,au,queued,ok,iptvplansaustralian.com.au,.com.au
2026-09-14,Australia,en,iptv plans aussie,service+geo,au_geo,au,queued,ok,iptvplansaussie.com.au,.com.au
2026-09-14,Australia,en,iptv packages,service,au_core,au,queued,ok,iptvpackages.com.au,.com.au
2026-09-14,Australia,en,iptv packages australia,service+geo,au_geo,au,queued,ok,iptvpackagesaustralia.com.au,.com.au
2026-09-14,Australia,en,iptv packages australian,service+geo,au_geo,au,queued,ok,iptvpackagesaustralian.com.au,.com.au
2026-09-14,Australia,en,iptv packages aussie,service+geo,au_geo,au,queued,ok,iptvpackagesaussie.com.au,.com.au
2026-09-14,Australia,en,iptv online,service,au_core,au,queued,ok,iptvonline.com.au,.com.au
2026-09-14,Australia,en,iptv online australia,service+geo,au_geo,au,queued,ok,iptvonlineaustralia.com.au,.com.au
2026-09-14,Australia,en,iptv online australian,service+geo,au_geo,au,queued,ok,iptvonlineaustralian.com.au,.com.au
2026-09-14,Australia,en,iptv online aussie,service+geo,au_geo,au,queued,ok,iptvonlineaussie.com.au,.com.au
2026-09-14,Australia,en,iptv for smart tv,device,au_device,au,queued,ok,iptvforsmarttv.com.au,.com.au
2026-09-14,Australia,en,iptv for smart tv australia,device+geo,au_device,au,queued,ok,iptvforsmarttvaustralia.com.au,.com.au
2026-09-14,Australia,en,iptv for firestick,device,au_device,au,queued,ok,iptvforfirestick.com.au,.com.au
2026-09-14,Australia,en,iptv for firestick australia,device+geo,au_device,au,queued,ok,cluster-on-country-site,au
2026-09-14,Australia,en,iptv for fire stick,device,au_device,au,queued,ok,iptvforfirestick.com.au,.com.au
2026-09-14,Australia,en,iptv for fire stick australia,device+geo,au_device,au,queued,ok,cluster-on-country-site,au
2026-09-14,Australia,en,iptv for android,device,au_device,au,queued,ok,iptvforandroid.com.au,.com.au
2026-09-14,Australia,en,iptv for android australia,device+geo,au_device,au,queued,ok,iptvforandroidaustralia.com.au,.com.au
2026-09-14,Australia,en,iptv for samsung,device,au_device,au,queued,ok,iptvforsamsung.com.au,.com.au
2026-09-14,Australia,en,iptv for samsung australia,device+geo,au_device,au,queued,ok,iptvforsamsungaustralia.com.au,.com.au
2026-09-14,Australia,en,iptv for lg,device,au_device,au,queued,ok,iptvforlg.com.au,.com.au
2026-09-14,Australia,en,iptv for lg australia,device+geo,au_device,au,queued,ok,iptvforlgaustralia.com.au,.com.au
2026-09-14,Australia,en,iptv for roku,device,au_device,au,queued,ok,iptvforroku.com.au,.com.au
2026-09-14,Australia,en,iptv for roku australia,device+geo,au_device,au,queued,ok,iptvforrokuaustralia.com.au,.com.au
2026-09-14,Australia,en,iptv for apple tv,device,au_device,au,queued,ok,iptvforappletv.com.au,.com.au
2026-09-14,Australia,en,iptv for apple tv australia,device+geo,au_device,au,queued,ok,iptvforappletvaustralia.com.au,.com.au
2026-09-14,Australia,en,iptv firestick,device,au_device,au,queued,ok,iptvfirestick.com.au,.com.au
2026-09-14,Australia,en,iptv firestick australia,device+geo,au_device,au,queued,ok,iptvfirestickaustralia.com.au,.com.au
2026-09-14,Australia,en,iptv smart tv,device,au_device,au,queued,ok,iptvsmarttv.com.au,.com.au
2026-09-14,Australia,en,iptv smart tv australia,device+geo,au_device,au,queued,ok,iptvsmarttvaustralia.com.au,.com.au
2026-09-14,Australia,en,iptv android box,device,au_device,au,queued,ok,iptvandroidbox.com.au,.com.au
2026-09-14,Australia,en,iptv android box australia,device+geo,au_device,au,queued,ok,iptvandroidboxaustralia.com.au,.com.au
2026-09-14,Australia,en,iptv nvidia shield,device,au_device,au,queued,ok,iptvnvidiashield.com.au,.com.au
2026-09-14,Australia,en,iptv nvidia shield australia,device+geo,au_device,au,queued,ok,cluster-on-country-site,au
2026-09-14,Australia,en,iptv chromecast,device,au_device,au,queued,ok,iptvchromecast.com.au,.com.au
2026-09-14,Australia,en,iptv chromecast australia,device+geo,au_device,au,queued,ok,iptvchromecastaustralia.com.au,.com.au
2026-09-14,Australia,en,iptv mag box,device,au_device,au,queued,ok,iptvmagbox.com.au,.com.au
2026-09-14,Australia,en,iptv mag box australia,device+geo,au_device,au,queued,ok,iptvmagboxaustralia.com.au,.com.au
2026-09-14,Australia,en,iptv formuler,device,au_device,au,queued,ok,iptvformuler.com.au,.com.au
2026-09-14,Australia,en,iptv formuler australia,device+geo,au_device,au,queued,ok,iptvformuleraustralia.com.au,.com.au
2026-09-14,Australia,en,tivimate,app_seo_only,au_app,au,queued,ok,tivimate.com.au,.com.au
2026-09-14,Australia,en,tivimate australia,app+geo,au_app,au,queued,ok,tivimateaustralia.com.au,.com.au
2026-09-14,Australia,en,tivimate iptv,app_seo_only,au_app,au,queued,ok,tivimateiptv.com.au,.com.au
2026-09-14,Australia,en,tivimate iptv australia,app+geo,au_app,au,queued,ok,tivimateiptvaustralia.com.au,.com.au
2026-09-14,Australia,en,tivimate premium,app_seo_only,au_app,au,queued,ok,tivimatepremium.com.au,.com.au
2026-09-14,Australia,en,tivimate premium australia,app+geo,au_app,au,queued,ok,tivimatepremiumaustralia.com.au,.com.au
2026-09-14,Australia,en,tivimate subscription,app_seo_only,au_app,au,queued,ok,tivimatesubscription.com.au,.com.au
2026-09-14,Australia,en,tivimate subscription australia,app+geo,au_app,au,queued,ok,cluster-on-country-site,au
2026-09-14,Australia,en,tivimate playlist,app_seo_only,au_app,au,queued,ok,tivimateplaylist.com.au,.com.au
2026-09-14,Australia,en,tivimate playlist australia,app+geo,au_app,au,queued,ok,cluster-on-country-site,au
2026-09-14,Australia,en,iptv smarters,app_seo_only,au_app,au,queued,ok,iptvsmarters.com.au,.com.au
2026-09-14,Australia,en,iptv smarters australia,app+geo,au_app,au,queued,ok,iptvsmartersaustralia.com.au,.com.au
2026-09-14,Australia,en,smarters iptv,app_seo_only,au_app,au,queued,ok,smartersiptv.com.au,.com.au
2026-09-14,Australia,en,smarters iptv australia,app+geo,au_app,au,queued,ok,smartersiptvaustralia.com.au,.com.au
2026-09-14,Australia,en,iptv smarters pro,app_seo_only,au_app,au,queued,ok,iptvsmarterspro.com.au,.com.au
2026-09-14,Australia,en,iptv smarters pro australia,app+geo,au_app,au,queued,ok,iptvsmartersproaustralia.com.au,.com.au
2026-09-14,Australia,en,smarters pro iptv,app_seo_only,au_app,au,queued,ok,smartersproiptv.com.au,.com.au
2026-09-14,Australia,en,smarters pro iptv australia,app+geo,au_app,au,queued,ok,smartersproiptvaustralia.com.au,.com.au
2026-09-14,Australia,en,iptv smarters subscription,app_seo_only,au_app,au,queued,ok,iptvsmarterssubscription.com.au,.com.au
2026-09-14,Australia,en,iptv smarters subscription australia,app+geo,au_app,au,queued,ok,cluster-on-country-site,au
2026-09-14,Australia,en,gse smart iptv,app_seo_only,au_app,au,queued,ok,gsesmartiptv.com.au,.com.au
2026-09-14,Australia,en,gse smart iptv australia,app+geo,au_app,au,queued,ok,gsesmartiptvaustralia.com.au,.com.au
2026-09-14,Australia,en,smart iptv app,app_seo_only,au_app,au,queued,ok,smartiptvapp.com.au,.com.au
2026-09-14,Australia,en,smart iptv app australia,app+geo,au_app,au,queued,ok,smartiptvappaustralia.com.au,.com.au
2026-09-14,Australia,en,perfect player iptv,app_seo_only,au_app,au,queued,ok,perfectplayeriptv.com.au,.com.au
2026-09-14,Australia,en,perfect player iptv australia,app+geo,au_app,au,queued,ok,cluster-on-country-site,au
2026-09-14,Australia,en,xceltv,app_seo_only,au_app,au,queued,ok,xceltv.com.au,.com.au
2026-09-14,Australia,en,xceltv australia,app+geo,au_app,au,queued,ok,xceltvaustralia.com.au,.com.au
2026-09-14,Australia,en,ott navigator,app_seo_only,au_app,au,queued,ok,ottnavigator.com.au,.com.au
2026-09-14,Australia,en,ott navigator australia,app+geo,au_app,au,queued,ok,ottnavigatoraustralia.com.au,.com.au
2026-09-14,Australia,en,iptv extreme,app_seo_only,au_app,au,queued,ok,iptvextreme.com.au,.com.au
2026-09-14,Australia,en,iptv extreme australia,app+geo,au_app,au,queued,ok,iptvextremeaustralia.com.au,.com.au
2026-09-14,Australia,en,set iptv,app_seo_only,au_app,au,queued,ok,setiptv.com.au,.com.au
2026-09-14,Australia,en,set iptv australia,app+geo,au_app,au,queued,ok,setiptvaustralia.com.au,.com.au
2026-09-14,Australia,en,net iptv,app_seo_only,au_app,au,queued,ok,netiptv.com.au,.com.au
2026-09-14,Australia,en,net iptv australia,app+geo,au_app,au,queued,ok,netiptvaustralia.com.au,.com.au
2026-09-14,Australia,en,ibo player,app_seo_only,au_app,au,queued,ok,iboplayer.com.au,.com.au
2026-09-14,Australia,en,ibo player australia,app+geo,au_app,au,queued,ok,iboplayeraustralia.com.au,.com.au
2026-09-14,Australia,en,duplexplay,app_seo_only,au_app,au,queued,ok,duplexplay.com.au,.com.au
2026-09-14,Australia,en,duplexplay australia,app+geo,au_app,au,queued,ok,duplexplayaustralia.com.au,.com.au
2026-09-14,Australia,en,iptv player apk,app_seo_only,au_app,au,queued,ok,iptvplayerapk.com.au,.com.au
2026-09-14,Australia,en,iptv player apk australia,app+geo,au_app,au,queued,ok,iptvplayerapkaustralia.com.au,.com.au
2026-09-14,Australia,en,iptv sydney,service+city,au_city,au,queued,ok,iptvsydney.com.au,.com.au
2026-09-14,Australia,en,best iptv sydney,best+city,au_city,au,queued,ok,bestiptvsydney.com.au,.com.au
2026-09-14,Australia,en,iptv subscription sydney,subscription+city,au_city,au,queued,ok,iptvsubscriptionsydney.com.au,.com.au
2026-09-14,Australia,en,iptv melbourne,service+city,au_city,au,queued,ok,iptvmelbourne.com.au,.com.au
2026-09-14,Australia,en,best iptv melbourne,best+city,au_city,au,queued,ok,bestiptvmelbourne.com.au,.com.au
2026-09-14,Australia,en,iptv subscription melbourne,subscription+city,au_city,au,queued,ok,cluster-on-country-site,au
2026-09-14,Australia,en,iptv brisbane,service+city,au_city,au,queued,ok,iptvbrisbane.com.au,.com.au
2026-09-14,Australia,en,best iptv brisbane,best+city,au_city,au,queued,ok,bestiptvbrisbane.com.au,.com.au
2026-09-14,Australia,en,iptv subscription brisbane,subscription+city,au_city,au,queued,ok,iptvsubscriptionbrisbane.com.au,.com.au
2026-09-14,Australia,en,iptv perth,service+city,au_city,au,queued,ok,iptvperth.com.au,.com.au
2026-09-14,Australia,en,best iptv perth,best+city,au_city,au,queued,ok,bestiptvperth.com.au,.com.au
2026-09-14,Australia,en,iptv subscription perth,subscription+city,au_city,au,queued,ok,iptvsubscriptionperth.com.au,.com.au
2026-09-14,New Zealand,en,iptv,service,nz_core,nz,queued,ok,cluster-on-country-site,nz
2026-09-14,New Zealand,en,iptv new zealand,service+geo,nz_geo,nz,queued,ok,iptvnewzealand.co.nz,.co.nz
2026-09-14,New Zealand,en,iptv nz,service+geo,nz_geo,nz,queued,ok,iptvnz.co.nz,.co.nz
2026-09-14,New Zealand,en,best iptv,service,nz_core,nz,queued,ok,bestiptv.co.nz,.co.nz
2026-09-14,New Zealand,en,best iptv new zealand,service+geo,nz_geo,nz,queued,ok,bestiptvnewzealand.co.nz,.co.nz
2026-09-14,New Zealand,en,best iptv nz,service+geo,nz_geo,nz,queued,ok,bestiptvnz.co.nz,.co.nz
2026-09-14,New Zealand,en,iptv provider,service,nz_core,nz,queued,ok,iptvprovider.co.nz,.co.nz
2026-09-14,New Zealand,en,iptv provider new zealand,service+geo,nz_geo,nz,queued,ok,iptvprovidernewzealand.co.nz,.co.nz
2026-09-14,New Zealand,en,iptv provider nz,service+geo,nz_geo,nz,queued,ok,iptvprovidernz.co.nz,.co.nz
2026-09-14,New Zealand,en,iptv subscription,service,nz_core,nz,queued,ok,iptvsubscription.co.nz,.co.nz
2026-09-14,New Zealand,en,iptv subscription new zealand,service+geo,nz_geo,nz,queued,ok,cluster-on-country-site,nz
2026-09-14,New Zealand,en,iptv subscription nz,service+geo,nz_geo,nz,queued,ok,iptvsubscriptionnz.co.nz,.co.nz
2026-09-14,New Zealand,en,iptv service,service,nz_core,nz,queued,ok,iptvservice.co.nz,.co.nz
2026-09-14,New Zealand,en,iptv service new zealand,service+geo,nz_geo,nz,queued,ok,iptvservicenewzealand.co.nz,.co.nz
2026-09-14,New Zealand,en,iptv service nz,service+geo,nz_geo,nz,queued,ok,iptvservicenz.co.nz,.co.nz
2026-09-14,New Zealand,en,iptv services,service,nz_core,nz,queued,ok,iptvservices.co.nz,.co.nz
2026-09-14,New Zealand,en,iptv services new zealand,service+geo,nz_geo,nz,queued,ok,iptvservicesnewzealand.co.nz,.co.nz
2026-09-14,New Zealand,en,iptv services nz,service+geo,nz_geo,nz,queued,ok,iptvservicesnz.co.nz,.co.nz
2026-09-14,New Zealand,en,iptv channels,service,nz_core,nz,queued,ok,iptvchannels.co.nz,.co.nz
2026-09-14,New Zealand,en,iptv channels new zealand,service+geo,nz_geo,nz,queued,ok,iptvchannelsnewzealand.co.nz,.co.nz
2026-09-14,New Zealand,en,iptv channels nz,service+geo,nz_geo,nz,queued,ok,iptvchannelsnz.co.nz,.co.nz
2026-09-14,New Zealand,en,iptv streaming,service,nz_core,nz,queued,ok,iptvstreaming.co.nz,.co.nz
2026-09-14,New Zealand,en,iptv streaming new zealand,service+geo,nz_geo,nz,queued,ok,iptvstreamingnewzealand.co.nz,.co.nz
2026-09-14,New Zealand,en,iptv streaming nz,service+geo,nz_geo,nz,queued,ok,iptvstreamingnz.co.nz,.co.nz
2026-09-14,New Zealand,en,iptv player,service,nz_core,nz,queued,ok,iptvplayer.co.nz,.co.nz
2026-09-14,New Zealand,en,iptv player new zealand,service+geo,nz_geo,nz,queued,ok,iptvplayernewzealand.co.nz,.co.nz
2026-09-14,New Zealand,en,iptv player nz,service+geo,nz_geo,nz,queued,ok,iptvplayernz.co.nz,.co.nz
2026-09-14,New Zealand,en,iptv app,service,nz_core,nz,queued,ok,iptvapp.co.nz,.co.nz
2026-09-14,New Zealand,en,iptv app new zealand,service+geo,nz_geo,nz,queued,ok,iptvappnewzealand.co.nz,.co.nz
2026-09-14,New Zealand,en,iptv app nz,service+geo,nz_geo,nz,queued,ok,iptvappnz.co.nz,.co.nz
2026-09-14,New Zealand,en,iptv box,service,nz_core,nz,queued,ok,iptvbox.co.nz,.co.nz
2026-09-14,New Zealand,en,iptv box new zealand,service+geo,nz_geo,nz,queued,ok,iptvboxnewzealand.co.nz,.co.nz
2026-09-14,New Zealand,en,iptv box nz,service+geo,nz_geo,nz,queued,ok,iptvboxnz.co.nz,.co.nz
2026-09-14,New Zealand,en,iptv trial,service,nz_core,nz,queued,ok,iptvtrial.co.nz,.co.nz
2026-09-14,New Zealand,en,iptv trial new zealand,service+geo,nz_geo,nz,queued,ok,iptvtrialnewzealand.co.nz,.co.nz
2026-09-14,New Zealand,en,iptv trial nz,service+geo,nz_geo,nz,queued,ok,iptvtrialnz.co.nz,.co.nz
2026-09-14,New Zealand,en,iptv free trial,service,nz_core,nz,queued,ok,iptvfreetrial.co.nz,.co.nz
2026-09-14,New Zealand,en,iptv free trial new zealand,service+geo,nz_geo,nz,queued,ok,iptvfreetrialnewzealand.co.nz,.co.nz
2026-09-14,New Zealand,en,iptv free trial nz,service+geo,nz_geo,nz,queued,ok,iptvfreetrialnz.co.nz,.co.nz
2026-09-14,New Zealand,en,iptv premium,service,nz_core,nz,queued,ok,iptvpremium.co.nz,.co.nz
2026-09-14,New Zealand,en,iptv premium new zealand,service+geo,nz_geo,nz,queued,ok,iptvpremiumnewzealand.co.nz,.co.nz
2026-09-14,New Zealand,en,iptv premium nz,service+geo,nz_geo,nz,queued,ok,iptvpremiumnz.co.nz,.co.nz
2026-09-14,New Zealand,en,iptv deals,service,nz_core,nz,queued,ok,iptvdeals.co.nz,.co.nz
2026-09-14,New Zealand,en,iptv deals new zealand,service+geo,nz_geo,nz,queued,ok,iptvdealsnewzealand.co.nz,.co.nz
2026-09-14,New Zealand,en,iptv deals nz,service+geo,nz_geo,nz,queued,ok,iptvdealsnz.co.nz,.co.nz
2026-09-14,New Zealand,en,iptv plans,service,nz_core,nz,queued,ok,iptvplans.co.nz,.co.nz
2026-09-14,New Zealand,en,iptv plans new zealand,service+geo,nz_geo,nz,queued,ok,iptvplansnewzealand.co.nz,.co.nz
2026-09-14,New Zealand,en,iptv plans nz,service+geo,nz_geo,nz,queued,ok,iptvplansnz.co.nz,.co.nz
2026-09-14,New Zealand,en,iptv packages,service,nz_core,nz,queued,ok,iptvpackages.co.nz,.co.nz
2026-09-14,New Zealand,en,iptv packages new zealand,service+geo,nz_geo,nz,queued,ok,iptvpackagesnewzealand.co.nz,.co.nz
2026-09-14,New Zealand,en,iptv packages nz,service+geo,nz_geo,nz,queued,ok,iptvpackagesnz.co.nz,.co.nz
2026-09-14,New Zealand,en,iptv online,service,nz_core,nz,queued,ok,iptvonline.co.nz,.co.nz
2026-09-14,New Zealand,en,iptv online new zealand,service+geo,nz_geo,nz,queued,ok,iptvonlinenewzealand.co.nz,.co.nz
2026-09-14,New Zealand,en,iptv online nz,service+geo,nz_geo,nz,queued,ok,iptvonlinenz.co.nz,.co.nz
2026-09-14,New Zealand,en,iptv for smart tv,device,nz_device,nz,queued,ok,iptvforsmarttv.co.nz,.co.nz
2026-09-14,New Zealand,en,iptv for smart tv new zealand,device+geo,nz_device,nz,queued,ok,iptvforsmarttvnewzealand.co.nz,.co.nz
2026-09-14,New Zealand,en,iptv for firestick,device,nz_device,nz,queued,ok,iptvforfirestick.co.nz,.co.nz
2026-09-14,New Zealand,en,iptv for firestick new zealand,device+geo,nz_device,nz,queued,ok,cluster-on-country-site,nz
2026-09-14,New Zealand,en,iptv for fire stick,device,nz_device,nz,queued,ok,iptvforfirestick.co.nz,.co.nz
2026-09-14,New Zealand,en,iptv for fire stick new zealand,device+geo,nz_device,nz,queued,ok,cluster-on-country-site,nz
2026-09-14,New Zealand,en,iptv for android,device,nz_device,nz,queued,ok,iptvforandroid.co.nz,.co.nz
2026-09-14,New Zealand,en,iptv for android new zealand,device+geo,nz_device,nz,queued,ok,iptvforandroidnewzealand.co.nz,.co.nz
2026-09-14,New Zealand,en,iptv for samsung,device,nz_device,nz,queued,ok,iptvforsamsung.co.nz,.co.nz
2026-09-14,New Zealand,en,iptv for samsung new zealand,device+geo,nz_device,nz,queued,ok,iptvforsamsungnewzealand.co.nz,.co.nz
2026-09-14,New Zealand,en,iptv for lg,device,nz_device,nz,queued,ok,iptvforlg.co.nz,.co.nz
2026-09-14,New Zealand,en,iptv for lg new zealand,device+geo,nz_device,nz,queued,ok,iptvforlgnewzealand.co.nz,.co.nz
2026-09-14,New Zealand,en,iptv for roku,device,nz_device,nz,queued,ok,iptvforroku.co.nz,.co.nz
2026-09-14,New Zealand,en,iptv for roku new zealand,device+geo,nz_device,nz,queued,ok,iptvforrokunewzealand.co.nz,.co.nz
2026-09-14,New Zealand,en,iptv for apple tv,device,nz_device,nz,queued,ok,iptvforappletv.co.nz,.co.nz
2026-09-14,New Zealand,en,iptv for apple tv new zealand,device+geo,nz_device,nz,queued,ok,iptvforappletvnewzealand.co.nz,.co.nz
2026-09-14,New Zealand,en,iptv firestick,device,nz_device,nz,queued,ok,iptvfirestick.co.nz,.co.nz
2026-09-14,New Zealand,en,iptv firestick new zealand,device+geo,nz_device,nz,queued,ok,iptvfiresticknewzealand.co.nz,.co.nz
2026-09-14,New Zealand,en,iptv smart tv,device,nz_device,nz,queued,ok,iptvsmarttv.co.nz,.co.nz
2026-09-14,New Zealand,en,iptv smart tv new zealand,device+geo,nz_device,nz,queued,ok,iptvsmarttvnewzealand.co.nz,.co.nz
2026-09-14,New Zealand,en,iptv android box,device,nz_device,nz,queued,ok,iptvandroidbox.co.nz,.co.nz
2026-09-14,New Zealand,en,iptv android box new zealand,device+geo,nz_device,nz,queued,ok,iptvandroidboxnewzealand.co.nz,.co.nz
2026-09-14,New Zealand,en,iptv nvidia shield,device,nz_device,nz,queued,ok,iptvnvidiashield.co.nz,.co.nz
2026-09-14,New Zealand,en,iptv nvidia shield new zealand,device+geo,nz_device,nz,queued,ok,cluster-on-country-site,nz
2026-09-14,New Zealand,en,iptv chromecast,device,nz_device,nz,queued,ok,iptvchromecast.co.nz,.co.nz
2026-09-14,New Zealand,en,iptv chromecast new zealand,device+geo,nz_device,nz,queued,ok,iptvchromecastnewzealand.co.nz,.co.nz
2026-09-14,New Zealand,en,iptv mag box,device,nz_device,nz,queued,ok,iptvmagbox.co.nz,.co.nz
2026-09-14,New Zealand,en,iptv mag box new zealand,device+geo,nz_device,nz,queued,ok,iptvmagboxnewzealand.co.nz,.co.nz
2026-09-14,New Zealand,en,iptv formuler,device,nz_device,nz,queued,ok,iptvformuler.co.nz,.co.nz
2026-09-14,New Zealand,en,iptv formuler new zealand,device+geo,nz_device,nz,queued,ok,iptvformulernewzealand.co.nz,.co.nz
2026-09-14,New Zealand,en,tivimate,app_seo_only,nz_app,nz,queued,ok,tivimate.co.nz,.co.nz
2026-09-14,New Zealand,en,tivimate new zealand,app+geo,nz_app,nz,queued,ok,tivimatenewzealand.co.nz,.co.nz
2026-09-14,New Zealand,en,tivimate iptv,app_seo_only,nz_app,nz,queued,ok,tivimateiptv.co.nz,.co.nz
2026-09-14,New Zealand,en,tivimate iptv new zealand,app+geo,nz_app,nz,queued,ok,tivimateiptvnewzealand.co.nz,.co.nz
2026-09-14,New Zealand,en,tivimate premium,app_seo_only,nz_app,nz,queued,ok,tivimatepremium.co.nz,.co.nz
2026-09-14,New Zealand,en,tivimate premium new zealand,app+geo,nz_app,nz,queued,ok,cluster-on-country-site,nz
2026-09-14,New Zealand,en,tivimate subscription,app_seo_only,nz_app,nz,queued,ok,tivimatesubscription.co.nz,.co.nz
2026-09-14,New Zealand,en,tivimate subscription new zealand,app+geo,nz_app,nz,queued,ok,cluster-on-country-site,nz
2026-09-14,New Zealand,en,tivimate playlist,app_seo_only,nz_app,nz,queued,ok,tivimateplaylist.co.nz,.co.nz
2026-09-14,New Zealand,en,tivimate playlist new zealand,app+geo,nz_app,nz,queued,ok,cluster-on-country-site,nz
2026-09-14,New Zealand,en,iptv smarters,app_seo_only,nz_app,nz,queued,ok,iptvsmarters.co.nz,.co.nz
2026-09-14,New Zealand,en,iptv smarters new zealand,app+geo,nz_app,nz,queued,ok,iptvsmartersnewzealand.co.nz,.co.nz
2026-09-14,New Zealand,en,smarters iptv,app_seo_only,nz_app,nz,queued,ok,smartersiptv.co.nz,.co.nz
2026-09-14,New Zealand,en,smarters iptv new zealand,app+geo,nz_app,nz,queued,ok,smartersiptvnewzealand.co.nz,.co.nz
2026-09-14,New Zealand,en,iptv smarters pro,app_seo_only,nz_app,nz,queued,ok,iptvsmarterspro.co.nz,.co.nz
2026-09-14,New Zealand,en,iptv smarters pro new zealand,app+geo,nz_app,nz,queued,ok,cluster-on-country-site,nz
2026-09-14,New Zealand,en,smarters pro iptv,app_seo_only,nz_app,nz,queued,ok,smartersproiptv.co.nz,.co.nz
2026-09-14,New Zealand,en,smarters pro iptv new zealand,app+geo,nz_app,nz,queued,ok,cluster-on-country-site,nz
2026-09-14,New Zealand,en,iptv smarters subscription,app_seo_only,nz_app,nz,queued,ok,iptvsmarterssubscription.co.nz,.co.nz
2026-09-14,New Zealand,en,iptv smarters subscription new zealand,app+geo,nz_app,nz,queued,ok,cluster-on-country-site,nz
2026-09-14,New Zealand,en,gse smart iptv,app_seo_only,nz_app,nz,queued,ok,gsesmartiptv.co.nz,.co.nz
2026-09-14,New Zealand,en,gse smart iptv new zealand,app+geo,nz_app,nz,queued,ok,gsesmartiptvnewzealand.co.nz,.co.nz
2026-09-14,New Zealand,en,smart iptv app,app_seo_only,nz_app,nz,queued,ok,smartiptvapp.co.nz,.co.nz
2026-09-14,New Zealand,en,smart iptv app new zealand,app+geo,nz_app,nz,queued,ok,smartiptvappnewzealand.co.nz,.co.nz
2026-09-14,New Zealand,en,perfect player iptv,app_seo_only,nz_app,nz,queued,ok,perfectplayeriptv.co.nz,.co.nz
2026-09-14,New Zealand,en,perfect player iptv new zealand,app+geo,nz_app,nz,queued,ok,cluster-on-country-site,nz
2026-09-14,New Zealand,en,xceltv,app_seo_only,nz_app,nz,queued,ok,xceltv.co.nz,.co.nz
2026-09-14,New Zealand,en,xceltv new zealand,app+geo,nz_app,nz,queued,ok,xceltvnewzealand.co.nz,.co.nz
2026-09-14,New Zealand,en,ott navigator,app_seo_only,nz_app,nz,queued,ok,ottnavigator.co.nz,.co.nz
2026-09-14,New Zealand,en,ott navigator new zealand,app+geo,nz_app,nz,queued,ok,ottnavigatornewzealand.co.nz,.co.nz
2026-09-14,New Zealand,en,iptv extreme,app_seo_only,nz_app,nz,queued,ok,iptvextreme.co.nz,.co.nz
2026-09-14,New Zealand,en,iptv extreme new zealand,app+geo,nz_app,nz,queued,ok,iptvextremenewzealand.co.nz,.co.nz
2026-09-14,New Zealand,en,set iptv,app_seo_only,nz_app,nz,queued,ok,setiptv.co.nz,.co.nz
2026-09-14,New Zealand,en,set iptv new zealand,app+geo,nz_app,nz,queued,ok,setiptvnewzealand.co.nz,.co.nz
2026-09-14,New Zealand,en,net iptv,app_seo_only,nz_app,nz,queued,ok,netiptv.co.nz,.co.nz
2026-09-14,New Zealand,en,net iptv new zealand,app+geo,nz_app,nz,queued,ok,netiptvnewzealand.co.nz,.co.nz
2026-09-14,New Zealand,en,ibo player,app_seo_only,nz_app,nz,queued,ok,iboplayer.co.nz,.co.nz
2026-09-14,New Zealand,en,ibo player new zealand,app+geo,nz_app,nz,queued,ok,iboplayernewzealand.co.nz,.co.nz
2026-09-14,New Zealand,en,duplexplay,app_seo_only,nz_app,nz,queued,ok,duplexplay.co.nz,.co.nz
2026-09-14,New Zealand,en,duplexplay new zealand,app+geo,nz_app,nz,queued,ok,duplexplaynewzealand.co.nz,.co.nz
2026-09-14,New Zealand,en,iptv player apk,app_seo_only,nz_app,nz,queued,ok,iptvplayerapk.co.nz,.co.nz
2026-09-14,New Zealand,en,iptv player apk new zealand,app+geo,nz_app,nz,queued,ok,iptvplayerapknewzealand.co.nz,.co.nz
2026-09-14,Spain,es,iptv,service,es_core,es,queued,ok,cluster-on-country-site,es
2026-09-14,Spain,es,iptv espana,service+geo,es_geo,es,queued,ok,iptvespana.es,.es
2026-09-14,Spain,es,iptv españa,service+geo,es_geo,es,queued,ok,iptvespana.es,.es
2026-09-14,Spain,es,iptv spain,service+geo,es_geo,es,queued,ok,iptvspain.es,.es
2026-09-14,Spain,es,best iptv,service,es_core,es,queued,ok,bestiptv.es,.es
2026-09-14,Spain,es,best iptv espana,service+geo,es_geo,es,queued,ok,bestiptvespana.es,.es
2026-09-14,Spain,es,best iptv españa,service+geo,es_geo,es,queued,ok,bestiptvespana.es,.es
2026-09-14,Spain,es,best iptv spain,service+geo,es_geo,es,queued,ok,bestiptvspain.es,.es
2026-09-14,Spain,es,iptv provider,service,es_core,es,queued,ok,iptvprovider.es,.es
2026-09-14,Spain,es,iptv provider espana,service+geo,es_geo,es,queued,ok,iptvproviderespana.es,.es
2026-09-14,Spain,es,iptv provider españa,service+geo,es_geo,es,queued,ok,iptvproviderespana.es,.es
2026-09-14,Spain,es,iptv provider spain,service+geo,es_geo,es,queued,ok,iptvproviderspain.es,.es
2026-09-14,Spain,es,iptv subscription,service,es_core,es,queued,ok,iptvsubscription.es,.es
2026-09-14,Spain,es,iptv subscription espana,service+geo,es_geo,es,queued,ok,iptvsubscriptionespana.es,.es
2026-09-14,Spain,es,iptv subscription españa,service+geo,es_geo,es,queued,ok,iptvsubscriptionespana.es,.es
2026-09-14,Spain,es,iptv subscription spain,service+geo,es_geo,es,queued,ok,iptvsubscriptionspain.es,.es
2026-09-14,Spain,es,iptv service,service,es_core,es,queued,ok,iptvservice.es,.es
2026-09-14,Spain,es,iptv service espana,service+geo,es_geo,es,queued,ok,iptvserviceespana.es,.es
2026-09-14,Spain,es,iptv service españa,service+geo,es_geo,es,queued,ok,iptvserviceespana.es,.es
2026-09-14,Spain,es,iptv service spain,service+geo,es_geo,es,queued,ok,iptvservicespain.es,.es
2026-09-14,Spain,es,iptv services,service,es_core,es,queued,ok,iptvservices.es,.es
2026-09-14,Spain,es,iptv services espana,service+geo,es_geo,es,queued,ok,iptvservicesespana.es,.es
2026-09-14,Spain,es,iptv services españa,service+geo,es_geo,es,queued,ok,iptvservicesespana.es,.es
2026-09-14,Spain,es,iptv services spain,service+geo,es_geo,es,queued,ok,iptvservicesspain.es,.es
2026-09-14,Spain,es,iptv channels,service,es_core,es,queued,ok,iptvchannels.es,.es
2026-09-14,Spain,es,iptv channels espana,service+geo,es_geo,es,queued,ok,iptvchannelsespana.es,.es
2026-09-14,Spain,es,iptv channels españa,service+geo,es_geo,es,queued,ok,iptvchannelsespana.es,.es
2026-09-14,Spain,es,iptv channels spain,service+geo,es_geo,es,queued,ok,iptvchannelsspain.es,.es
2026-09-14,Spain,es,iptv streaming,service,es_core,es,queued,ok,iptvstreaming.es,.es
2026-09-14,Spain,es,iptv streaming espana,service+geo,es_geo,es,queued,ok,iptvstreamingespana.es,.es
2026-09-14,Spain,es,iptv streaming españa,service+geo,es_geo,es,queued,ok,iptvstreamingespana.es,.es
2026-09-14,Spain,es,iptv streaming spain,service+geo,es_geo,es,queued,ok,iptvstreamingspain.es,.es
2026-09-14,Spain,es,iptv player,service,es_core,es,queued,ok,iptvplayer.es,.es
2026-09-14,Spain,es,iptv player espana,service+geo,es_geo,es,queued,ok,iptvplayerespana.es,.es
2026-09-14,Spain,es,iptv player españa,service+geo,es_geo,es,queued,ok,iptvplayerespana.es,.es
2026-09-14,Spain,es,iptv player spain,service+geo,es_geo,es,queued,ok,iptvplayerspain.es,.es
2026-09-14,Spain,es,iptv app,service,es_core,es,queued,ok,iptvapp.es,.es
2026-09-14,Spain,es,iptv app espana,service+geo,es_geo,es,queued,ok,iptvappespana.es,.es
2026-09-14,Spain,es,iptv app españa,service+geo,es_geo,es,queued,ok,iptvappespana.es,.es
2026-09-14,Spain,es,iptv app spain,service+geo,es_geo,es,queued,ok,iptvappspain.es,.es
2026-09-14,Spain,es,iptv box,service,es_core,es,queued,ok,iptvbox.es,.es
2026-09-14,Spain,es,iptv box espana,service+geo,es_geo,es,queued,ok,iptvboxespana.es,.es
2026-09-14,Spain,es,iptv box españa,service+geo,es_geo,es,queued,ok,iptvboxespana.es,.es
2026-09-14,Spain,es,iptv box spain,service+geo,es_geo,es,queued,ok,iptvboxspain.es,.es
2026-09-14,Spain,es,iptv trial,service,es_core,es,queued,ok,iptvtrial.es,.es
2026-09-14,Spain,es,iptv trial espana,service+geo,es_geo,es,queued,ok,iptvtrialespana.es,.es
2026-09-14,Spain,es,iptv trial españa,service+geo,es_geo,es,queued,ok,iptvtrialespana.es,.es
2026-09-14,Spain,es,iptv trial spain,service+geo,es_geo,es,queued,ok,iptvtrialspain.es,.es
2026-09-14,Spain,es,iptv free trial,service,es_core,es,queued,ok,iptvfreetrial.es,.es
2026-09-14,Spain,es,iptv free trial espana,service+geo,es_geo,es,queued,ok,iptvfreetrialespana.es,.es
2026-09-14,Spain,es,iptv free trial españa,service+geo,es_geo,es,queued,ok,iptvfreetrialespana.es,.es
2026-09-14,Spain,es,iptv free trial spain,service+geo,es_geo,es,queued,ok,iptvfreetrialspain.es,.es
2026-09-14,Spain,es,iptv premium,service,es_core,es,queued,ok,iptvpremium.es,.es
2026-09-14,Spain,es,iptv premium espana,service+geo,es_geo,es,queued,ok,iptvpremiumespana.es,.es
2026-09-14,Spain,es,iptv premium españa,service+geo,es_geo,es,queued,ok,iptvpremiumespana.es,.es
2026-09-14,Spain,es,iptv premium spain,service+geo,es_geo,es,queued,ok,iptvpremiumspain.es,.es
2026-09-14,Spain,es,iptv deals,service,es_core,es,queued,ok,iptvdeals.es,.es
2026-09-14,Spain,es,iptv deals espana,service+geo,es_geo,es,queued,ok,iptvdealsespana.es,.es
2026-09-14,Spain,es,iptv deals españa,service+geo,es_geo,es,queued,ok,iptvdealsespana.es,.es
2026-09-14,Spain,es,iptv deals spain,service+geo,es_geo,es,queued,ok,iptvdealsspain.es,.es
2026-09-14,Spain,es,iptv plans,service,es_core,es,queued,ok,iptvplans.es,.es
2026-09-14,Spain,es,iptv plans espana,service+geo,es_geo,es,queued,ok,iptvplansespana.es,.es
2026-09-14,Spain,es,iptv plans españa,service+geo,es_geo,es,queued,ok,iptvplansespana.es,.es
2026-09-14,Spain,es,iptv plans spain,service+geo,es_geo,es,queued,ok,iptvplansspain.es,.es
2026-09-14,Spain,es,iptv packages,service,es_core,es,queued,ok,iptvpackages.es,.es
2026-09-14,Spain,es,iptv packages espana,service+geo,es_geo,es,queued,ok,iptvpackagesespana.es,.es
2026-09-14,Spain,es,iptv packages españa,service+geo,es_geo,es,queued,ok,iptvpackagesespana.es,.es
2026-09-14,Spain,es,iptv packages spain,service+geo,es_geo,es,queued,ok,iptvpackagesspain.es,.es
2026-09-14,Spain,es,iptv online,service,es_core,es,queued,ok,iptvonline.es,.es
2026-09-14,Spain,es,iptv online espana,service+geo,es_geo,es,queued,ok,iptvonlineespana.es,.es
2026-09-14,Spain,es,iptv online españa,service+geo,es_geo,es,queued,ok,iptvonlineespana.es,.es
2026-09-14,Spain,es,iptv online spain,service+geo,es_geo,es,queued,ok,iptvonlinespain.es,.es
2026-09-14,Spain,es,iptv for smart tv,device,es_device,es,queued,ok,iptvforsmarttv.es,.es
2026-09-14,Spain,es,iptv for smart tv espana,device+geo,es_device,es,queued,ok,iptvforsmarttvespana.es,.es
2026-09-14,Spain,es,iptv for firestick,device,es_device,es,queued,ok,iptvforfirestick.es,.es
2026-09-14,Spain,es,iptv for firestick espana,device+geo,es_device,es,queued,ok,iptvforfirestickespana.es,.es
2026-09-14,Spain,es,iptv for fire stick,device,es_device,es,queued,ok,iptvforfirestick.es,.es
2026-09-14,Spain,es,iptv for fire stick espana,device+geo,es_device,es,queued,ok,iptvforfirestickespana.es,.es
2026-09-14,Spain,es,iptv for android,device,es_device,es,queued,ok,iptvforandroid.es,.es
2026-09-14,Spain,es,iptv for android espana,device+geo,es_device,es,queued,ok,iptvforandroidespana.es,.es
2026-09-14,Spain,es,iptv for samsung,device,es_device,es,queued,ok,iptvforsamsung.es,.es
2026-09-14,Spain,es,iptv for samsung espana,device+geo,es_device,es,queued,ok,iptvforsamsungespana.es,.es
2026-09-14,Spain,es,iptv for lg,device,es_device,es,queued,ok,iptvforlg.es,.es
2026-09-14,Spain,es,iptv for lg espana,device+geo,es_device,es,queued,ok,iptvforlgespana.es,.es
2026-09-14,Spain,es,iptv for roku,device,es_device,es,queued,ok,iptvforroku.es,.es
2026-09-14,Spain,es,iptv for roku espana,device+geo,es_device,es,queued,ok,iptvforrokuespana.es,.es
2026-09-14,Spain,es,iptv for apple tv,device,es_device,es,queued,ok,iptvforappletv.es,.es
2026-09-14,Spain,es,iptv for apple tv espana,device+geo,es_device,es,queued,ok,iptvforappletvespana.es,.es
2026-09-14,Spain,es,iptv firestick,device,es_device,es,queued,ok,iptvfirestick.es,.es
2026-09-14,Spain,es,iptv firestick espana,device+geo,es_device,es,queued,ok,iptvfirestickespana.es,.es
2026-09-14,Spain,es,iptv smart tv,device,es_device,es,queued,ok,iptvsmarttv.es,.es
2026-09-14,Spain,es,iptv smart tv espana,device+geo,es_device,es,queued,ok,iptvsmarttvespana.es,.es
2026-09-14,Spain,es,iptv android box,device,es_device,es,queued,ok,iptvandroidbox.es,.es
2026-09-14,Spain,es,iptv android box espana,device+geo,es_device,es,queued,ok,iptvandroidboxespana.es,.es
2026-09-14,Spain,es,iptv nvidia shield,device,es_device,es,queued,ok,iptvnvidiashield.es,.es
2026-09-14,Spain,es,iptv nvidia shield espana,device+geo,es_device,es,queued,ok,iptvnvidiashieldespana.es,.es
2026-09-14,Spain,es,iptv chromecast,device,es_device,es,queued,ok,iptvchromecast.es,.es
2026-09-14,Spain,es,iptv chromecast espana,device+geo,es_device,es,queued,ok,iptvchromecastespana.es,.es
2026-09-14,Spain,es,iptv mag box,device,es_device,es,queued,ok,iptvmagbox.es,.es
2026-09-14,Spain,es,iptv mag box espana,device+geo,es_device,es,queued,ok,iptvmagboxespana.es,.es
2026-09-14,Spain,es,iptv formuler,device,es_device,es,queued,ok,iptvformuler.es,.es
2026-09-14,Spain,es,iptv formuler espana,device+geo,es_device,es,queued,ok,iptvformulerespana.es,.es
2026-09-14,Spain,es,tivimate,app_seo_only,es_app,es,queued,ok,tivimate.es,.es
2026-09-14,Spain,es,tivimate espana,app+geo,es_app,es,queued,ok,tivimateespana.es,.es
2026-09-14,Spain,es,tivimate iptv,app_seo_only,es_app,es,queued,ok,tivimateiptv.es,.es
2026-09-14,Spain,es,tivimate iptv espana,app+geo,es_app,es,queued,ok,tivimateiptvespana.es,.es
2026-09-14,Spain,es,tivimate premium,app_seo_only,es_app,es,queued,ok,tivimatepremium.es,.es
2026-09-14,Spain,es,tivimate premium espana,app+geo,es_app,es,queued,ok,tivimatepremiumespana.es,.es
2026-09-14,Spain,es,tivimate subscription,app_seo_only,es_app,es,queued,ok,tivimatesubscription.es,.es
2026-09-14,Spain,es,tivimate subscription espana,app+geo,es_app,es,queued,ok,cluster-on-country-site,es
2026-09-14,Spain,es,tivimate playlist,app_seo_only,es_app,es,queued,ok,tivimateplaylist.es,.es
2026-09-14,Spain,es,tivimate playlist espana,app+geo,es_app,es,queued,ok,tivimateplaylistespana.es,.es
2026-09-14,Spain,es,iptv smarters,app_seo_only,es_app,es,queued,ok,iptvsmarters.es,.es
2026-09-14,Spain,es,iptv smarters espana,app+geo,es_app,es,queued,ok,iptvsmartersespana.es,.es
2026-09-14,Spain,es,smarters iptv,app_seo_only,es_app,es,queued,ok,smartersiptv.es,.es
2026-09-14,Spain,es,smarters iptv espana,app+geo,es_app,es,queued,ok,smartersiptvespana.es,.es
2026-09-14,Spain,es,iptv smarters pro,app_seo_only,es_app,es,queued,ok,iptvsmarterspro.es,.es
2026-09-14,Spain,es,iptv smarters pro espana,app+geo,es_app,es,queued,ok,iptvsmartersproespana.es,.es
2026-09-14,Spain,es,smarters pro iptv,app_seo_only,es_app,es,queued,ok,smartersproiptv.es,.es
2026-09-14,Spain,es,smarters pro iptv espana,app+geo,es_app,es,queued,ok,smartersproiptvespana.es,.es
2026-09-14,Spain,es,iptv smarters subscription,app_seo_only,es_app,es,queued,ok,iptvsmarterssubscription.es,.es
2026-09-14,Spain,es,iptv smarters subscription espana,app+geo,es_app,es,queued,ok,cluster-on-country-site,es
2026-09-14,Spain,es,gse smart iptv,app_seo_only,es_app,es,queued,ok,gsesmartiptv.es,.es
2026-09-14,Spain,es,gse smart iptv espana,app+geo,es_app,es,queued,ok,gsesmartiptvespana.es,.es
2026-09-14,Spain,es,smart iptv app,app_seo_only,es_app,es,queued,ok,smartiptvapp.es,.es
2026-09-14,Spain,es,smart iptv app espana,app+geo,es_app,es,queued,ok,smartiptvappespana.es,.es
2026-09-14,Spain,es,perfect player iptv,app_seo_only,es_app,es,queued,ok,perfectplayeriptv.es,.es
2026-09-14,Spain,es,perfect player iptv espana,app+geo,es_app,es,queued,ok,perfectplayeriptvespana.es,.es
2026-09-14,Spain,es,xceltv,app_seo_only,es_app,es,queued,ok,xceltv.es,.es
2026-09-14,Spain,es,xceltv espana,app+geo,es_app,es,queued,ok,xceltvespana.es,.es
2026-09-14,Spain,es,ott navigator,app_seo_only,es_app,es,queued,ok,ottnavigator.es,.es
2026-09-14,Spain,es,ott navigator espana,app+geo,es_app,es,queued,ok,ottnavigatorespana.es,.es
2026-09-14,Spain,es,iptv extreme,app_seo_only,es_app,es,queued,ok,iptvextreme.es,.es
2026-09-14,Spain,es,iptv extreme espana,app+geo,es_app,es,queued,ok,iptvextremeespana.es,.es
2026-09-14,Spain,es,set iptv,app_seo_only,es_app,es,queued,ok,setiptv.es,.es
2026-09-14,Spain,es,set iptv espana,app+geo,es_app,es,queued,ok,setiptvespana.es,.es
2026-09-14,Spain,es,net iptv,app_seo_only,es_app,es,queued,ok,netiptv.es,.es
2026-09-14,Spain,es,net iptv espana,app+geo,es_app,es,queued,ok,netiptvespana.es,.es
2026-09-14,Spain,es,ibo player,app_seo_only,es_app,es,queued,ok,iboplayer.es,.es
2026-09-14,Spain,es,ibo player espana,app+geo,es_app,es,queued,ok,iboplayerespana.es,.es
2026-09-14,Spain,es,duplexplay,app_seo_only,es_app,es,queued,ok,duplexplay.es,.es
2026-09-14,Spain,es,duplexplay espana,app+geo,es_app,es,queued,ok,duplexplayespana.es,.es
2026-09-14,Spain,es,iptv player apk,app_seo_only,es_app,es,queued,ok,iptvplayerapk.es,.es
2026-09-14,Spain,es,iptv player apk espana,app+geo,es_app,es,queued,ok,iptvplayerapkespana.es,.es
2026-09-14,Spain,es,mejor iptv,local_language,es_local,es,queued,ok,mejoriptv.es,.es
2026-09-14,Spain,es,iptv barato,local_language,es_local,es,queued,ok,iptvbarato.es,.es
2026-09-14,Spain,es,suscripcion iptv,local_language,es_local,es,queued,ok,suscripcioniptv.es,.es
2026-09-14,Spain,es,iptv legal espana,local_language,es_local,es,queued,ok,iptvlegalespana.es,.es
2026-09-14,Italy,it,iptv,service,it_core,it,queued,ok,cluster-on-country-site,it
2026-09-14,Italy,it,iptv italia,service+geo,it_geo,it,queued,ok,iptvitalia.it,.it
2026-09-14,Italy,it,iptv italy,service+geo,it_geo,it,queued,ok,iptvitaly.it,.it
2026-09-14,Italy,it,best iptv,service,it_core,it,queued,ok,bestiptv.it,.it
2026-09-14,Italy,it,best iptv italia,service+geo,it_geo,it,queued,ok,bestiptvitalia.it,.it
2026-09-14,Italy,it,best iptv italy,service+geo,it_geo,it,queued,ok,bestiptvitaly.it,.it
2026-09-14,Italy,it,iptv provider,service,it_core,it,queued,ok,iptvprovider.it,.it
2026-09-14,Italy,it,iptv provider italia,service+geo,it_geo,it,queued,ok,iptvprovideritalia.it,.it
2026-09-14,Italy,it,iptv provider italy,service+geo,it_geo,it,queued,ok,iptvprovideritaly.it,.it
2026-09-14,Italy,it,iptv subscription,service,it_core,it,queued,ok,iptvsubscription.it,.it
2026-09-14,Italy,it,iptv subscription italia,service+geo,it_geo,it,queued,ok,iptvsubscriptionitalia.it,.it
2026-09-14,Italy,it,iptv subscription italy,service+geo,it_geo,it,queued,ok,iptvsubscriptionitaly.it,.it
2026-09-14,Italy,it,iptv service,service,it_core,it,queued,ok,iptvservice.it,.it
2026-09-14,Italy,it,iptv service italia,service+geo,it_geo,it,queued,ok,iptvserviceitalia.it,.it
2026-09-14,Italy,it,iptv service italy,service+geo,it_geo,it,queued,ok,iptvserviceitaly.it,.it
2026-09-14,Italy,it,iptv services,service,it_core,it,queued,ok,iptvservices.it,.it
2026-09-14,Italy,it,iptv services italia,service+geo,it_geo,it,queued,ok,iptvservicesitalia.it,.it
2026-09-14,Italy,it,iptv services italy,service+geo,it_geo,it,queued,ok,iptvservicesitaly.it,.it
2026-09-14,Italy,it,iptv channels,service,it_core,it,queued,ok,iptvchannels.it,.it
2026-09-14,Italy,it,iptv channels italia,service+geo,it_geo,it,queued,ok,iptvchannelsitalia.it,.it
2026-09-14,Italy,it,iptv channels italy,service+geo,it_geo,it,queued,ok,iptvchannelsitaly.it,.it
2026-09-14,Italy,it,iptv streaming,service,it_core,it,queued,ok,iptvstreaming.it,.it
2026-09-14,Italy,it,iptv streaming italia,service+geo,it_geo,it,queued,ok,iptvstreamingitalia.it,.it
2026-09-14,Italy,it,iptv streaming italy,service+geo,it_geo,it,queued,ok,iptvstreamingitaly.it,.it
2026-09-14,Italy,it,iptv player,service,it_core,it,queued,ok,iptvplayer.it,.it
2026-09-14,Italy,it,iptv player italia,service+geo,it_geo,it,queued,ok,iptvplayeritalia.it,.it
2026-09-14,Italy,it,iptv player italy,service+geo,it_geo,it,queued,ok,iptvplayeritaly.it,.it
2026-09-14,Italy,it,iptv app,service,it_core,it,queued,ok,iptvapp.it,.it
2026-09-14,Italy,it,iptv app italia,service+geo,it_geo,it,queued,ok,iptvappitalia.it,.it
2026-09-14,Italy,it,iptv app italy,service+geo,it_geo,it,queued,ok,iptvappitaly.it,.it
2026-09-14,Italy,it,iptv box,service,it_core,it,queued,ok,iptvbox.it,.it
2026-09-14,Italy,it,iptv box italia,service+geo,it_geo,it,queued,ok,iptvboxitalia.it,.it
2026-09-14,Italy,it,iptv box italy,service+geo,it_geo,it,queued,ok,iptvboxitaly.it,.it
2026-09-14,Italy,it,iptv trial,service,it_core,it,queued,ok,iptvtrial.it,.it
2026-09-14,Italy,it,iptv trial italia,service+geo,it_geo,it,queued,ok,iptvtrialitalia.it,.it
2026-09-14,Italy,it,iptv trial italy,service+geo,it_geo,it,queued,ok,iptvtrialitaly.it,.it
2026-09-14,Italy,it,iptv free trial,service,it_core,it,queued,ok,iptvfreetrial.it,.it
2026-09-14,Italy,it,iptv free trial italia,service+geo,it_geo,it,queued,ok,iptvfreetrialitalia.it,.it
2026-09-14,Italy,it,iptv free trial italy,service+geo,it_geo,it,queued,ok,iptvfreetrialitaly.it,.it
2026-09-14,Italy,it,iptv premium,service,it_core,it,queued,ok,iptvpremium.it,.it
2026-09-14,Italy,it,iptv premium italia,service+geo,it_geo,it,queued,ok,iptvpremiumitalia.it,.it
2026-09-14,Italy,it,iptv premium italy,service+geo,it_geo,it,queued,ok,iptvpremiumitaly.it,.it
2026-09-14,Italy,it,iptv deals,service,it_core,it,queued,ok,iptvdeals.it,.it
2026-09-14,Italy,it,iptv deals italia,service+geo,it_geo,it,queued,ok,iptvdealsitalia.it,.it
2026-09-14,Italy,it,iptv deals italy,service+geo,it_geo,it,queued,ok,iptvdealsitaly.it,.it
2026-09-14,Italy,it,iptv plans,service,it_core,it,queued,ok,iptvplans.it,.it
2026-09-14,Italy,it,iptv plans italia,service+geo,it_geo,it,queued,ok,iptvplansitalia.it,.it
2026-09-14,Italy,it,iptv plans italy,service+geo,it_geo,it,queued,ok,iptvplansitaly.it,.it
2026-09-14,Italy,it,iptv packages,service,it_core,it,queued,ok,iptvpackages.it,.it
2026-09-14,Italy,it,iptv packages italia,service+geo,it_geo,it,queued,ok,iptvpackagesitalia.it,.it
2026-09-14,Italy,it,iptv packages italy,service+geo,it_geo,it,queued,ok,iptvpackagesitaly.it,.it
2026-09-14,Italy,it,iptv online,service,it_core,it,queued,ok,iptvonline.it,.it
2026-09-14,Italy,it,iptv online italia,service+geo,it_geo,it,queued,ok,iptvonlineitalia.it,.it
2026-09-14,Italy,it,iptv online italy,service+geo,it_geo,it,queued,ok,iptvonlineitaly.it,.it
2026-09-14,Italy,it,iptv for smart tv,device,it_device,it,queued,ok,iptvforsmarttv.it,.it
2026-09-14,Italy,it,iptv for smart tv italia,device+geo,it_device,it,queued,ok,iptvforsmarttvitalia.it,.it
2026-09-14,Italy,it,iptv for firestick,device,it_device,it,queued,ok,iptvforfirestick.it,.it
2026-09-14,Italy,it,iptv for firestick italia,device+geo,it_device,it,queued,ok,iptvforfirestickitalia.it,.it
2026-09-14,Italy,it,iptv for fire stick,device,it_device,it,queued,ok,iptvforfirestick.it,.it
2026-09-14,Italy,it,iptv for fire stick italia,device+geo,it_device,it,queued,ok,iptvforfirestickitalia.it,.it
2026-09-14,Italy,it,iptv for android,device,it_device,it,queued,ok,iptvforandroid.it,.it
2026-09-14,Italy,it,iptv for android italia,device+geo,it_device,it,queued,ok,iptvforandroiditalia.it,.it
2026-09-14,Italy,it,iptv for samsung,device,it_device,it,queued,ok,iptvforsamsung.it,.it
2026-09-14,Italy,it,iptv for samsung italia,device+geo,it_device,it,queued,ok,iptvforsamsungitalia.it,.it
2026-09-14,Italy,it,iptv for lg,device,it_device,it,queued,ok,iptvforlg.it,.it
2026-09-14,Italy,it,iptv for lg italia,device+geo,it_device,it,queued,ok,iptvforlgitalia.it,.it
2026-09-14,Italy,it,iptv for roku,device,it_device,it,queued,ok,iptvforroku.it,.it
2026-09-14,Italy,it,iptv for roku italia,device+geo,it_device,it,queued,ok,iptvforrokuitalia.it,.it
2026-09-14,Italy,it,iptv for apple tv,device,it_device,it,queued,ok,iptvforappletv.it,.it
2026-09-14,Italy,it,iptv for apple tv italia,device+geo,it_device,it,queued,ok,iptvforappletvitalia.it,.it
2026-09-14,Italy,it,iptv firestick,device,it_device,it,queued,ok,iptvfirestick.it,.it
2026-09-14,Italy,it,iptv firestick italia,device+geo,it_device,it,queued,ok,iptvfirestickitalia.it,.it
2026-09-14,Italy,it,iptv smart tv,device,it_device,it,queued,ok,iptvsmarttv.it,.it
2026-09-14,Italy,it,iptv smart tv italia,device+geo,it_device,it,queued,ok,iptvsmarttvitalia.it,.it
2026-09-14,Italy,it,iptv android box,device,it_device,it,queued,ok,iptvandroidbox.it,.it
2026-09-14,Italy,it,iptv android box italia,device+geo,it_device,it,queued,ok,iptvandroidboxitalia.it,.it
2026-09-14,Italy,it,iptv nvidia shield,device,it_device,it,queued,ok,iptvnvidiashield.it,.it
2026-09-14,Italy,it,iptv nvidia shield italia,device+geo,it_device,it,queued,ok,iptvnvidiashielditalia.it,.it
2026-09-14,Italy,it,iptv chromecast,device,it_device,it,queued,ok,iptvchromecast.it,.it
2026-09-14,Italy,it,iptv chromecast italia,device+geo,it_device,it,queued,ok,iptvchromecastitalia.it,.it
2026-09-14,Italy,it,iptv mag box,device,it_device,it,queued,ok,iptvmagbox.it,.it
2026-09-14,Italy,it,iptv mag box italia,device+geo,it_device,it,queued,ok,iptvmagboxitalia.it,.it
2026-09-14,Italy,it,iptv formuler,device,it_device,it,queued,ok,iptvformuler.it,.it
2026-09-14,Italy,it,iptv formuler italia,device+geo,it_device,it,queued,ok,iptvformuleritalia.it,.it
2026-09-14,Italy,it,tivimate,app_seo_only,it_app,it,queued,ok,tivimate.it,.it
2026-09-14,Italy,it,tivimate italia,app+geo,it_app,it,queued,ok,tivimateitalia.it,.it
2026-09-14,Italy,it,tivimate iptv,app_seo_only,it_app,it,queued,ok,tivimateiptv.it,.it
2026-09-14,Italy,it,tivimate iptv italia,app+geo,it_app,it,queued,ok,tivimateiptvitalia.it,.it
2026-09-14,Italy,it,tivimate premium,app_seo_only,it_app,it,queued,ok,tivimatepremium.it,.it
2026-09-14,Italy,it,tivimate premium italia,app+geo,it_app,it,queued,ok,tivimatepremiumitalia.it,.it
2026-09-14,Italy,it,tivimate subscription,app_seo_only,it_app,it,queued,ok,tivimatesubscription.it,.it
2026-09-14,Italy,it,tivimate subscription italia,app+geo,it_app,it,queued,ok,cluster-on-country-site,it
2026-09-14,Italy,it,tivimate playlist,app_seo_only,it_app,it,queued,ok,tivimateplaylist.it,.it
2026-09-14,Italy,it,tivimate playlist italia,app+geo,it_app,it,queued,ok,tivimateplaylistitalia.it,.it
2026-09-14,Italy,it,iptv smarters,app_seo_only,it_app,it,queued,ok,iptvsmarters.it,.it
2026-09-14,Italy,it,iptv smarters italia,app+geo,it_app,it,queued,ok,iptvsmartersitalia.it,.it
2026-09-14,Italy,it,smarters iptv,app_seo_only,it_app,it,queued,ok,smartersiptv.it,.it
2026-09-14,Italy,it,smarters iptv italia,app+geo,it_app,it,queued,ok,smartersiptvitalia.it,.it
2026-09-14,Italy,it,iptv smarters pro,app_seo_only,it_app,it,queued,ok,iptvsmarterspro.it,.it
2026-09-14,Italy,it,iptv smarters pro italia,app+geo,it_app,it,queued,ok,iptvsmartersproitalia.it,.it
2026-09-14,Italy,it,smarters pro iptv,app_seo_only,it_app,it,queued,ok,smartersproiptv.it,.it
2026-09-14,Italy,it,smarters pro iptv italia,app+geo,it_app,it,queued,ok,smartersproiptvitalia.it,.it
2026-09-14,Italy,it,iptv smarters subscription,app_seo_only,it_app,it,queued,ok,iptvsmarterssubscription.it,.it
2026-09-14,Italy,it,iptv smarters subscription italia,app+geo,it_app,it,queued,ok,cluster-on-country-site,it
2026-09-14,Italy,it,gse smart iptv,app_seo_only,it_app,it,queued,ok,gsesmartiptv.it,.it
2026-09-14,Italy,it,gse smart iptv italia,app+geo,it_app,it,queued,ok,gsesmartiptvitalia.it,.it
2026-09-14,Italy,it,smart iptv app,app_seo_only,it_app,it,queued,ok,smartiptvapp.it,.it
2026-09-14,Italy,it,smart iptv app italia,app+geo,it_app,it,queued,ok,smartiptvappitalia.it,.it
2026-09-14,Italy,it,perfect player iptv,app_seo_only,it_app,it,queued,ok,perfectplayeriptv.it,.it
2026-09-14,Italy,it,perfect player iptv italia,app+geo,it_app,it,queued,ok,perfectplayeriptvitalia.it,.it
2026-09-14,Italy,it,xceltv,app_seo_only,it_app,it,queued,ok,xceltv.it,.it
2026-09-14,Italy,it,xceltv italia,app+geo,it_app,it,queued,ok,xceltvitalia.it,.it
2026-09-14,Italy,it,ott navigator,app_seo_only,it_app,it,queued,ok,ottnavigator.it,.it
2026-09-14,Italy,it,ott navigator italia,app+geo,it_app,it,queued,ok,ottnavigatoritalia.it,.it
2026-09-14,Italy,it,iptv extreme,app_seo_only,it_app,it,queued,ok,iptvextreme.it,.it
2026-09-14,Italy,it,iptv extreme italia,app+geo,it_app,it,queued,ok,iptvextremeitalia.it,.it
2026-09-14,Italy,it,set iptv,app_seo_only,it_app,it,queued,ok,setiptv.it,.it
2026-09-14,Italy,it,set iptv italia,app+geo,it_app,it,queued,ok,setiptvitalia.it,.it
2026-09-14,Italy,it,net iptv,app_seo_only,it_app,it,queued,ok,netiptv.it,.it
2026-09-14,Italy,it,net iptv italia,app+geo,it_app,it,queued,ok,netiptvitalia.it,.it
2026-09-14,Italy,it,ibo player,app_seo_only,it_app,it,queued,ok,iboplayer.it,.it
2026-09-14,Italy,it,ibo player italia,app+geo,it_app,it,queued,ok,iboplayeritalia.it,.it
2026-09-14,Italy,it,duplexplay,app_seo_only,it_app,it,queued,ok,duplexplay.it,.it
2026-09-14,Italy,it,duplexplay italia,app+geo,it_app,it,queued,ok,duplexplayitalia.it,.it
2026-09-14,Italy,it,iptv player apk,app_seo_only,it_app,it,queued,ok,iptvplayerapk.it,.it
2026-09-14,Italy,it,iptv player apk italia,app+geo,it_app,it,queued,ok,iptvplayerapkitalia.it,.it
2026-09-14,Italy,it,miglior iptv,local_language,it_local,it,queued,ok,miglioriptv.it,.it
2026-09-14,Italy,it,abbonamento iptv,local_language,it_local,it,queued,ok,abbonamentoiptv.it,.it
2026-09-14,Italy,it,iptv economica,local_language,it_local,it,queued,ok,iptveconomica.it,.it
2026-09-14,Italy,it,iptv legale italia,local_language,it_local,it,queued,ok,iptvlegaleitalia.it,.it
2026-09-14,Portugal,pt,iptv,service,pt_core,pt,queued,ok,cluster-on-country-site,pt
2026-09-14,Portugal,pt,iptv portugal,service+geo,pt_geo,pt,queued,ok,iptvportugal.pt,.pt
2026-09-14,Portugal,pt,iptv portugues,service+geo,pt_geo,pt,queued,ok,iptvportugues.pt,.pt
2026-09-14,Portugal,pt,best iptv,service,pt_core,pt,queued,ok,bestiptv.pt,.pt
2026-09-14,Portugal,pt,best iptv portugal,service+geo,pt_geo,pt,queued,ok,bestiptvportugal.pt,.pt
2026-09-14,Portugal,pt,best iptv portugues,service+geo,pt_geo,pt,queued,ok,bestiptvportugues.pt,.pt
2026-09-14,Portugal,pt,iptv provider,service,pt_core,pt,queued,ok,iptvprovider.pt,.pt
2026-09-14,Portugal,pt,iptv provider portugal,service+geo,pt_geo,pt,queued,ok,iptvproviderportugal.pt,.pt
2026-09-14,Portugal,pt,iptv provider portugues,service+geo,pt_geo,pt,queued,ok,iptvproviderportugues.pt,.pt
2026-09-14,Portugal,pt,iptv subscription,service,pt_core,pt,queued,ok,iptvsubscription.pt,.pt
2026-09-14,Portugal,pt,iptv subscription portugal,service+geo,pt_geo,pt,queued,ok,iptvsubscriptionportugal.pt,.pt
2026-09-14,Portugal,pt,iptv subscription portugues,service+geo,pt_geo,pt,queued,ok,cluster-on-country-site,pt
2026-09-14,Portugal,pt,iptv service,service,pt_core,pt,queued,ok,iptvservice.pt,.pt
2026-09-14,Portugal,pt,iptv service portugal,service+geo,pt_geo,pt,queued,ok,iptvserviceportugal.pt,.pt
2026-09-14,Portugal,pt,iptv service portugues,service+geo,pt_geo,pt,queued,ok,iptvserviceportugues.pt,.pt
2026-09-14,Portugal,pt,iptv services,service,pt_core,pt,queued,ok,iptvservices.pt,.pt
2026-09-14,Portugal,pt,iptv services portugal,service+geo,pt_geo,pt,queued,ok,iptvservicesportugal.pt,.pt
2026-09-14,Portugal,pt,iptv services portugues,service+geo,pt_geo,pt,queued,ok,iptvservicesportugues.pt,.pt
2026-09-14,Portugal,pt,iptv channels,service,pt_core,pt,queued,ok,iptvchannels.pt,.pt
2026-09-14,Portugal,pt,iptv channels portugal,service+geo,pt_geo,pt,queued,ok,iptvchannelsportugal.pt,.pt
2026-09-14,Portugal,pt,iptv channels portugues,service+geo,pt_geo,pt,queued,ok,iptvchannelsportugues.pt,.pt
2026-09-14,Portugal,pt,iptv streaming,service,pt_core,pt,queued,ok,iptvstreaming.pt,.pt
2026-09-14,Portugal,pt,iptv streaming portugal,service+geo,pt_geo,pt,queued,ok,iptvstreamingportugal.pt,.pt
2026-09-14,Portugal,pt,iptv streaming portugues,service+geo,pt_geo,pt,queued,ok,iptvstreamingportugues.pt,.pt
2026-09-14,Portugal,pt,iptv player,service,pt_core,pt,queued,ok,iptvplayer.pt,.pt
2026-09-14,Portugal,pt,iptv player portugal,service+geo,pt_geo,pt,queued,ok,iptvplayerportugal.pt,.pt
2026-09-14,Portugal,pt,iptv player portugues,service+geo,pt_geo,pt,queued,ok,iptvplayerportugues.pt,.pt
2026-09-14,Portugal,pt,iptv app,service,pt_core,pt,queued,ok,iptvapp.pt,.pt
2026-09-14,Portugal,pt,iptv app portugal,service+geo,pt_geo,pt,queued,ok,iptvappportugal.pt,.pt
2026-09-14,Portugal,pt,iptv app portugues,service+geo,pt_geo,pt,queued,ok,iptvappportugues.pt,.pt
2026-09-14,Portugal,pt,iptv box,service,pt_core,pt,queued,ok,iptvbox.pt,.pt
2026-09-14,Portugal,pt,iptv box portugal,service+geo,pt_geo,pt,queued,ok,iptvboxportugal.pt,.pt
2026-09-14,Portugal,pt,iptv box portugues,service+geo,pt_geo,pt,queued,ok,iptvboxportugues.pt,.pt
2026-09-14,Portugal,pt,iptv trial,service,pt_core,pt,queued,ok,iptvtrial.pt,.pt
2026-09-14,Portugal,pt,iptv trial portugal,service+geo,pt_geo,pt,queued,ok,iptvtrialportugal.pt,.pt
2026-09-14,Portugal,pt,iptv trial portugues,service+geo,pt_geo,pt,queued,ok,iptvtrialportugues.pt,.pt
2026-09-14,Portugal,pt,iptv free trial,service,pt_core,pt,queued,ok,iptvfreetrial.pt,.pt
2026-09-14,Portugal,pt,iptv free trial portugal,service+geo,pt_geo,pt,queued,ok,iptvfreetrialportugal.pt,.pt
2026-09-14,Portugal,pt,iptv free trial portugues,service+geo,pt_geo,pt,queued,ok,iptvfreetrialportugues.pt,.pt
2026-09-14,Portugal,pt,iptv premium,service,pt_core,pt,queued,ok,iptvpremium.pt,.pt
2026-09-14,Portugal,pt,iptv premium portugal,service+geo,pt_geo,pt,queued,ok,iptvpremiumportugal.pt,.pt
2026-09-14,Portugal,pt,iptv premium portugues,service+geo,pt_geo,pt,queued,ok,iptvpremiumportugues.pt,.pt
2026-09-14,Portugal,pt,iptv deals,service,pt_core,pt,queued,ok,iptvdeals.pt,.pt
2026-09-14,Portugal,pt,iptv deals portugal,service+geo,pt_geo,pt,queued,ok,iptvdealsportugal.pt,.pt
2026-09-14,Portugal,pt,iptv deals portugues,service+geo,pt_geo,pt,queued,ok,iptvdealsportugues.pt,.pt
2026-09-14,Portugal,pt,iptv plans,service,pt_core,pt,queued,ok,iptvplans.pt,.pt
2026-09-14,Portugal,pt,iptv plans portugal,service+geo,pt_geo,pt,queued,ok,iptvplansportugal.pt,.pt
2026-09-14,Portugal,pt,iptv plans portugues,service+geo,pt_geo,pt,queued,ok,iptvplansportugues.pt,.pt
2026-09-14,Portugal,pt,iptv packages,service,pt_core,pt,queued,ok,iptvpackages.pt,.pt
2026-09-14,Portugal,pt,iptv packages portugal,service+geo,pt_geo,pt,queued,ok,iptvpackagesportugal.pt,.pt
2026-09-14,Portugal,pt,iptv packages portugues,service+geo,pt_geo,pt,queued,ok,iptvpackagesportugues.pt,.pt
2026-09-14,Portugal,pt,iptv online,service,pt_core,pt,queued,ok,iptvonline.pt,.pt
2026-09-14,Portugal,pt,iptv online portugal,service+geo,pt_geo,pt,queued,ok,iptvonlineportugal.pt,.pt
2026-09-14,Portugal,pt,iptv online portugues,service+geo,pt_geo,pt,queued,ok,iptvonlineportugues.pt,.pt
2026-09-14,Portugal,pt,iptv for smart tv,device,pt_device,pt,queued,ok,iptvforsmarttv.pt,.pt
2026-09-14,Portugal,pt,iptv for smart tv portugal,device+geo,pt_device,pt,queued,ok,iptvforsmarttvportugal.pt,.pt
2026-09-14,Portugal,pt,iptv for firestick,device,pt_device,pt,queued,ok,iptvforfirestick.pt,.pt
2026-09-14,Portugal,pt,iptv for firestick portugal,device+geo,pt_device,pt,queued,ok,iptvforfirestickportugal.pt,.pt
2026-09-14,Portugal,pt,iptv for fire stick,device,pt_device,pt,queued,ok,iptvforfirestick.pt,.pt
2026-09-14,Portugal,pt,iptv for fire stick portugal,device+geo,pt_device,pt,queued,ok,iptvforfirestickportugal.pt,.pt
2026-09-14,Portugal,pt,iptv for android,device,pt_device,pt,queued,ok,iptvforandroid.pt,.pt
2026-09-14,Portugal,pt,iptv for android portugal,device+geo,pt_device,pt,queued,ok,iptvforandroidportugal.pt,.pt
2026-09-14,Portugal,pt,iptv for samsung,device,pt_device,pt,queued,ok,iptvforsamsung.pt,.pt
2026-09-14,Portugal,pt,iptv for samsung portugal,device+geo,pt_device,pt,queued,ok,iptvforsamsungportugal.pt,.pt
2026-09-14,Portugal,pt,iptv for lg,device,pt_device,pt,queued,ok,iptvforlg.pt,.pt
2026-09-14,Portugal,pt,iptv for lg portugal,device+geo,pt_device,pt,queued,ok,iptvforlgportugal.pt,.pt
2026-09-14,Portugal,pt,iptv for roku,device,pt_device,pt,queued,ok,iptvforroku.pt,.pt
2026-09-14,Portugal,pt,iptv for roku portugal,device+geo,pt_device,pt,queued,ok,iptvforrokuportugal.pt,.pt
2026-09-14,Portugal,pt,iptv for apple tv,device,pt_device,pt,queued,ok,iptvforappletv.pt,.pt
2026-09-14,Portugal,pt,iptv for apple tv portugal,device+geo,pt_device,pt,queued,ok,iptvforappletvportugal.pt,.pt
2026-09-14,Portugal,pt,iptv firestick,device,pt_device,pt,queued,ok,iptvfirestick.pt,.pt
2026-09-14,Portugal,pt,iptv firestick portugal,device+geo,pt_device,pt,queued,ok,iptvfirestickportugal.pt,.pt
2026-09-14,Portugal,pt,iptv smart tv,device,pt_device,pt,queued,ok,iptvsmarttv.pt,.pt
2026-09-14,Portugal,pt,iptv smart tv portugal,device+geo,pt_device,pt,queued,ok,iptvsmarttvportugal.pt,.pt
2026-09-14,Portugal,pt,iptv android box,device,pt_device,pt,queued,ok,iptvandroidbox.pt,.pt
2026-09-14,Portugal,pt,iptv android box portugal,device+geo,pt_device,pt,queued,ok,iptvandroidboxportugal.pt,.pt
2026-09-14,Portugal,pt,iptv nvidia shield,device,pt_device,pt,queued,ok,iptvnvidiashield.pt,.pt
2026-09-14,Portugal,pt,iptv nvidia shield portugal,device+geo,pt_device,pt,queued,ok,iptvnvidiashieldportugal.pt,.pt
2026-09-14,Portugal,pt,iptv chromecast,device,pt_device,pt,queued,ok,iptvchromecast.pt,.pt
2026-09-14,Portugal,pt,iptv chromecast portugal,device+geo,pt_device,pt,queued,ok,iptvchromecastportugal.pt,.pt
2026-09-14,Portugal,pt,iptv mag box,device,pt_device,pt,queued,ok,iptvmagbox.pt,.pt
2026-09-14,Portugal,pt,iptv mag box portugal,device+geo,pt_device,pt,queued,ok,iptvmagboxportugal.pt,.pt
2026-09-14,Portugal,pt,iptv formuler,device,pt_device,pt,queued,ok,iptvformuler.pt,.pt
2026-09-14,Portugal,pt,iptv formuler portugal,device+geo,pt_device,pt,queued,ok,iptvformulerportugal.pt,.pt
2026-09-14,Portugal,pt,tivimate,app_seo_only,pt_app,pt,queued,ok,tivimate.pt,.pt
2026-09-14,Portugal,pt,tivimate portugal,app+geo,pt_app,pt,queued,ok,tivimateportugal.pt,.pt
2026-09-14,Portugal,pt,tivimate iptv,app_seo_only,pt_app,pt,queued,ok,tivimateiptv.pt,.pt
2026-09-14,Portugal,pt,tivimate iptv portugal,app+geo,pt_app,pt,queued,ok,tivimateiptvportugal.pt,.pt
2026-09-14,Portugal,pt,tivimate premium,app_seo_only,pt_app,pt,queued,ok,tivimatepremium.pt,.pt
2026-09-14,Portugal,pt,tivimate premium portugal,app+geo,pt_app,pt,queued,ok,tivimatepremiumportugal.pt,.pt
2026-09-14,Portugal,pt,tivimate subscription,app_seo_only,pt_app,pt,queued,ok,tivimatesubscription.pt,.pt
2026-09-14,Portugal,pt,tivimate subscription portugal,app+geo,pt_app,pt,queued,ok,cluster-on-country-site,pt
2026-09-14,Portugal,pt,tivimate playlist,app_seo_only,pt_app,pt,queued,ok,tivimateplaylist.pt,.pt
2026-09-14,Portugal,pt,tivimate playlist portugal,app+geo,pt_app,pt,queued,ok,tivimateplaylistportugal.pt,.pt
2026-09-14,Portugal,pt,iptv smarters,app_seo_only,pt_app,pt,queued,ok,iptvsmarters.pt,.pt
2026-09-14,Portugal,pt,iptv smarters portugal,app+geo,pt_app,pt,queued,ok,iptvsmartersportugal.pt,.pt
2026-09-14,Portugal,pt,smarters iptv,app_seo_only,pt_app,pt,queued,ok,smartersiptv.pt,.pt
2026-09-14,Portugal,pt,smarters iptv portugal,app+geo,pt_app,pt,queued,ok,smartersiptvportugal.pt,.pt
2026-09-14,Portugal,pt,iptv smarters pro,app_seo_only,pt_app,pt,queued,ok,iptvsmarterspro.pt,.pt
2026-09-14,Portugal,pt,iptv smarters pro portugal,app+geo,pt_app,pt,queued,ok,iptvsmartersproportugal.pt,.pt
2026-09-14,Portugal,pt,smarters pro iptv,app_seo_only,pt_app,pt,queued,ok,smartersproiptv.pt,.pt
2026-09-14,Portugal,pt,smarters pro iptv portugal,app+geo,pt_app,pt,queued,ok,smartersproiptvportugal.pt,.pt
2026-09-14,Portugal,pt,iptv smarters subscription,app_seo_only,pt_app,pt,queued,ok,iptvsmarterssubscription.pt,.pt
2026-09-14,Portugal,pt,iptv smarters subscription portugal,app+geo,pt_app,pt,queued,ok,cluster-on-country-site,pt
2026-09-14,Portugal,pt,gse smart iptv,app_seo_only,pt_app,pt,queued,ok,gsesmartiptv.pt,.pt
2026-09-14,Portugal,pt,gse smart iptv portugal,app+geo,pt_app,pt,queued,ok,gsesmartiptvportugal.pt,.pt
2026-09-14,Portugal,pt,smart iptv app,app_seo_only,pt_app,pt,queued,ok,smartiptvapp.pt,.pt
2026-09-14,Portugal,pt,smart iptv app portugal,app+geo,pt_app,pt,queued,ok,smartiptvappportugal.pt,.pt
2026-09-14,Portugal,pt,perfect player iptv,app_seo_only,pt_app,pt,queued,ok,perfectplayeriptv.pt,.pt
2026-09-14,Portugal,pt,perfect player iptv portugal,app+geo,pt_app,pt,queued,ok,cluster-on-country-site,pt
2026-09-14,Portugal,pt,xceltv,app_seo_only,pt_app,pt,queued,ok,xceltv.pt,.pt
2026-09-14,Portugal,pt,xceltv portugal,app+geo,pt_app,pt,queued,ok,xceltvportugal.pt,.pt
2026-09-14,Portugal,pt,ott navigator,app_seo_only,pt_app,pt,queued,ok,ottnavigator.pt,.pt
2026-09-14,Portugal,pt,ott navigator portugal,app+geo,pt_app,pt,queued,ok,ottnavigatorportugal.pt,.pt
2026-09-14,Portugal,pt,iptv extreme,app_seo_only,pt_app,pt,queued,ok,iptvextreme.pt,.pt
2026-09-14,Portugal,pt,iptv extreme portugal,app+geo,pt_app,pt,queued,ok,iptvextremeportugal.pt,.pt
2026-09-14,Portugal,pt,set iptv,app_seo_only,pt_app,pt,queued,ok,setiptv.pt,.pt
2026-09-14,Portugal,pt,set iptv portugal,app+geo,pt_app,pt,queued,ok,setiptvportugal.pt,.pt
2026-09-14,Portugal,pt,net iptv,app_seo_only,pt_app,pt,queued,ok,netiptv.pt,.pt
2026-09-14,Portugal,pt,net iptv portugal,app+geo,pt_app,pt,queued,ok,netiptvportugal.pt,.pt
2026-09-14,Portugal,pt,ibo player,app_seo_only,pt_app,pt,queued,ok,iboplayer.pt,.pt
2026-09-14,Portugal,pt,ibo player portugal,app+geo,pt_app,pt,queued,ok,iboplayerportugal.pt,.pt
2026-09-14,Portugal,pt,duplexplay,app_seo_only,pt_app,pt,queued,ok,duplexplay.pt,.pt
2026-09-14,Portugal,pt,duplexplay portugal,app+geo,pt_app,pt,queued,ok,duplexplayportugal.pt,.pt
2026-09-14,Portugal,pt,iptv player apk,app_seo_only,pt_app,pt,queued,ok,iptvplayerapk.pt,.pt
2026-09-14,Portugal,pt,iptv player apk portugal,app+geo,pt_app,pt,queued,ok,iptvplayerapkportugal.pt,.pt
2026-09-14,Portugal,pt,melhor iptv,local_language,pt_local,pt,queued,ok,melhoriptv.pt,.pt
2026-09-14,Portugal,pt,subscricao iptv,local_language,pt_local,pt,queued,ok,subscricaoiptv.pt,.pt
2026-09-14,Portugal,pt,iptv barato portugal,local_language,pt_local,pt,queued,ok,iptvbaratoportugal.pt,.pt
2026-09-14,Austria,de,iptv,service,at_core,at,queued,ok,cluster-on-country-site,at
2026-09-14,Austria,de,iptv osterreich,service+geo,at_geo,at,queued,ok,iptvosterreich.at,.at
2026-09-14,Austria,de,iptv österreich,service+geo,at_geo,at,queued,ok,iptvosterreich.at,.at
2026-09-14,Austria,de,iptv austria,service+geo,at_geo,at,queued,ok,iptvaustria.at,.at
2026-09-14,Austria,de,best iptv,service,at_core,at,queued,ok,bestiptv.at,.at
2026-09-14,Austria,de,best iptv osterreich,service+geo,at_geo,at,queued,ok,bestiptvosterreich.at,.at
2026-09-14,Austria,de,best iptv österreich,service+geo,at_geo,at,queued,ok,bestiptvosterreich.at,.at
2026-09-14,Austria,de,best iptv austria,service+geo,at_geo,at,queued,ok,bestiptvaustria.at,.at
2026-09-14,Austria,de,iptv provider,service,at_core,at,queued,ok,iptvprovider.at,.at
2026-09-14,Austria,de,iptv provider osterreich,service+geo,at_geo,at,queued,ok,iptvproviderosterreich.at,.at
2026-09-14,Austria,de,iptv provider österreich,service+geo,at_geo,at,queued,ok,iptvproviderosterreich.at,.at
2026-09-14,Austria,de,iptv provider austria,service+geo,at_geo,at,queued,ok,iptvprovideraustria.at,.at
2026-09-14,Austria,de,iptv subscription,service,at_core,at,queued,ok,iptvsubscription.at,.at
2026-09-14,Austria,de,iptv subscription osterreich,service+geo,at_geo,at,queued,ok,cluster-on-country-site,at
2026-09-14,Austria,de,iptv subscription österreich,service+geo,at_geo,at,queued,ok,cluster-on-country-site,at
2026-09-14,Austria,de,iptv subscription austria,service+geo,at_geo,at,queued,ok,iptvsubscriptionaustria.at,.at
2026-09-14,Austria,de,iptv service,service,at_core,at,queued,ok,iptvservice.at,.at
2026-09-14,Austria,de,iptv service osterreich,service+geo,at_geo,at,queued,ok,iptvserviceosterreich.at,.at
2026-09-14,Austria,de,iptv service österreich,service+geo,at_geo,at,queued,ok,iptvserviceosterreich.at,.at
2026-09-14,Austria,de,iptv service austria,service+geo,at_geo,at,queued,ok,iptvserviceaustria.at,.at
2026-09-14,Austria,de,iptv services,service,at_core,at,queued,ok,iptvservices.at,.at
2026-09-14,Austria,de,iptv services osterreich,service+geo,at_geo,at,queued,ok,iptvservicesosterreich.at,.at
2026-09-14,Austria,de,iptv services österreich,service+geo,at_geo,at,queued,ok,iptvservicesosterreich.at,.at
2026-09-14,Austria,de,iptv services austria,service+geo,at_geo,at,queued,ok,iptvservicesaustria.at,.at
2026-09-14,Austria,de,iptv channels,service,at_core,at,queued,ok,iptvchannels.at,.at
2026-09-14,Austria,de,iptv channels osterreich,service+geo,at_geo,at,queued,ok,iptvchannelsosterreich.at,.at
2026-09-14,Austria,de,iptv channels österreich,service+geo,at_geo,at,queued,ok,iptvchannelsosterreich.at,.at
2026-09-14,Austria,de,iptv channels austria,service+geo,at_geo,at,queued,ok,iptvchannelsaustria.at,.at
2026-09-14,Austria,de,iptv streaming,service,at_core,at,queued,ok,iptvstreaming.at,.at
2026-09-14,Austria,de,iptv streaming osterreich,service+geo,at_geo,at,queued,ok,iptvstreamingosterreich.at,.at
2026-09-14,Austria,de,iptv streaming österreich,service+geo,at_geo,at,queued,ok,iptvstreamingosterreich.at,.at
2026-09-14,Austria,de,iptv streaming austria,service+geo,at_geo,at,queued,ok,iptvstreamingaustria.at,.at
2026-09-14,Austria,de,iptv player,service,at_core,at,queued,ok,iptvplayer.at,.at
2026-09-14,Austria,de,iptv player osterreich,service+geo,at_geo,at,queued,ok,iptvplayerosterreich.at,.at
2026-09-14,Austria,de,iptv player österreich,service+geo,at_geo,at,queued,ok,iptvplayerosterreich.at,.at
2026-09-14,Austria,de,iptv player austria,service+geo,at_geo,at,queued,ok,iptvplayeraustria.at,.at
2026-09-14,Austria,de,iptv app,service,at_core,at,queued,ok,iptvapp.at,.at
2026-09-14,Austria,de,iptv app osterreich,service+geo,at_geo,at,queued,ok,iptvapposterreich.at,.at
2026-09-14,Austria,de,iptv app österreich,service+geo,at_geo,at,queued,ok,iptvapposterreich.at,.at
2026-09-14,Austria,de,iptv app austria,service+geo,at_geo,at,queued,ok,iptvappaustria.at,.at
2026-09-14,Austria,de,iptv box,service,at_core,at,queued,ok,iptvbox.at,.at
2026-09-14,Austria,de,iptv box osterreich,service+geo,at_geo,at,queued,ok,iptvboxosterreich.at,.at
2026-09-14,Austria,de,iptv box österreich,service+geo,at_geo,at,queued,ok,iptvboxosterreich.at,.at
2026-09-14,Austria,de,iptv box austria,service+geo,at_geo,at,queued,ok,iptvboxaustria.at,.at
2026-09-14,Austria,de,iptv trial,service,at_core,at,queued,ok,iptvtrial.at,.at
2026-09-14,Austria,de,iptv trial osterreich,service+geo,at_geo,at,queued,ok,iptvtrialosterreich.at,.at
2026-09-14,Austria,de,iptv trial österreich,service+geo,at_geo,at,queued,ok,iptvtrialosterreich.at,.at
2026-09-14,Austria,de,iptv trial austria,service+geo,at_geo,at,queued,ok,iptvtrialaustria.at,.at
2026-09-14,Austria,de,iptv free trial,service,at_core,at,queued,ok,iptvfreetrial.at,.at
2026-09-14,Austria,de,iptv free trial osterreich,service+geo,at_geo,at,queued,ok,iptvfreetrialosterreich.at,.at
2026-09-14,Austria,de,iptv free trial österreich,service+geo,at_geo,at,queued,ok,iptvfreetrialosterreich.at,.at
2026-09-14,Austria,de,iptv free trial austria,service+geo,at_geo,at,queued,ok,iptvfreetrialaustria.at,.at
2026-09-14,Austria,de,iptv premium,service,at_core,at,queued,ok,iptvpremium.at,.at
2026-09-14,Austria,de,iptv premium osterreich,service+geo,at_geo,at,queued,ok,iptvpremiumosterreich.at,.at
2026-09-14,Austria,de,iptv premium österreich,service+geo,at_geo,at,queued,ok,iptvpremiumosterreich.at,.at
2026-09-14,Austria,de,iptv premium austria,service+geo,at_geo,at,queued,ok,iptvpremiumaustria.at,.at
2026-09-14,Austria,de,iptv deals,service,at_core,at,queued,ok,iptvdeals.at,.at
2026-09-14,Austria,de,iptv deals osterreich,service+geo,at_geo,at,queued,ok,iptvdealsosterreich.at,.at
2026-09-14,Austria,de,iptv deals österreich,service+geo,at_geo,at,queued,ok,iptvdealsosterreich.at,.at
2026-09-14,Austria,de,iptv deals austria,service+geo,at_geo,at,queued,ok,iptvdealsaustria.at,.at
2026-09-14,Austria,de,iptv plans,service,at_core,at,queued,ok,iptvplans.at,.at
2026-09-14,Austria,de,iptv plans osterreich,service+geo,at_geo,at,queued,ok,iptvplansosterreich.at,.at
2026-09-14,Austria,de,iptv plans österreich,service+geo,at_geo,at,queued,ok,iptvplansosterreich.at,.at
2026-09-14,Austria,de,iptv plans austria,service+geo,at_geo,at,queued,ok,iptvplansaustria.at,.at
2026-09-14,Austria,de,iptv packages,service,at_core,at,queued,ok,iptvpackages.at,.at
2026-09-14,Austria,de,iptv packages osterreich,service+geo,at_geo,at,queued,ok,iptvpackagesosterreich.at,.at
2026-09-14,Austria,de,iptv packages österreich,service+geo,at_geo,at,queued,ok,iptvpackagesosterreich.at,.at
2026-09-14,Austria,de,iptv packages austria,service+geo,at_geo,at,queued,ok,iptvpackagesaustria.at,.at
2026-09-14,Austria,de,iptv online,service,at_core,at,queued,ok,iptvonline.at,.at
2026-09-14,Austria,de,iptv online osterreich,service+geo,at_geo,at,queued,ok,iptvonlineosterreich.at,.at
2026-09-14,Austria,de,iptv online österreich,service+geo,at_geo,at,queued,ok,iptvonlineosterreich.at,.at
2026-09-14,Austria,de,iptv online austria,service+geo,at_geo,at,queued,ok,iptvonlineaustria.at,.at
2026-09-14,Austria,de,iptv for smart tv,device,at_device,at,queued,ok,iptvforsmarttv.at,.at
2026-09-14,Austria,de,iptv for smart tv osterreich,device+geo,at_device,at,queued,ok,iptvforsmarttvosterreich.at,.at
2026-09-14,Austria,de,iptv for firestick,device,at_device,at,queued,ok,iptvforfirestick.at,.at
2026-09-14,Austria,de,iptv for firestick osterreich,device+geo,at_device,at,queued,ok,cluster-on-country-site,at
2026-09-14,Austria,de,iptv for fire stick,device,at_device,at,queued,ok,iptvforfirestick.at,.at
2026-09-14,Austria,de,iptv for fire stick osterreich,device+geo,at_device,at,queued,ok,cluster-on-country-site,at
2026-09-14,Austria,de,iptv for android,device,at_device,at,queued,ok,iptvforandroid.at,.at
2026-09-14,Austria,de,iptv for android osterreich,device+geo,at_device,at,queued,ok,iptvforandroidosterreich.at,.at
2026-09-14,Austria,de,iptv for samsung,device,at_device,at,queued,ok,iptvforsamsung.at,.at
2026-09-14,Austria,de,iptv for samsung osterreich,device+geo,at_device,at,queued,ok,iptvforsamsungosterreich.at,.at
2026-09-14,Austria,de,iptv for lg,device,at_device,at,queued,ok,iptvforlg.at,.at
2026-09-14,Austria,de,iptv for lg osterreich,device+geo,at_device,at,queued,ok,iptvforlgosterreich.at,.at
2026-09-14,Austria,de,iptv for roku,device,at_device,at,queued,ok,iptvforroku.at,.at
2026-09-14,Austria,de,iptv for roku osterreich,device+geo,at_device,at,queued,ok,iptvforrokuosterreich.at,.at
2026-09-14,Austria,de,iptv for apple tv,device,at_device,at,queued,ok,iptvforappletv.at,.at
2026-09-14,Austria,de,iptv for apple tv osterreich,device+geo,at_device,at,queued,ok,iptvforappletvosterreich.at,.at
2026-09-14,Austria,de,iptv firestick,device,at_device,at,queued,ok,iptvfirestick.at,.at
2026-09-14,Austria,de,iptv firestick osterreich,device+geo,at_device,at,queued,ok,iptvfirestickosterreich.at,.at
2026-09-14,Austria,de,iptv smart tv,device,at_device,at,queued,ok,iptvsmarttv.at,.at
2026-09-14,Austria,de,iptv smart tv osterreich,device+geo,at_device,at,queued,ok,iptvsmarttvosterreich.at,.at
2026-09-14,Austria,de,iptv android box,device,at_device,at,queued,ok,iptvandroidbox.at,.at
2026-09-14,Austria,de,iptv android box osterreich,device+geo,at_device,at,queued,ok,iptvandroidboxosterreich.at,.at
2026-09-14,Austria,de,iptv nvidia shield,device,at_device,at,queued,ok,iptvnvidiashield.at,.at
2026-09-14,Austria,de,iptv nvidia shield osterreich,device+geo,at_device,at,queued,ok,cluster-on-country-site,at
2026-09-14,Austria,de,iptv chromecast,device,at_device,at,queued,ok,iptvchromecast.at,.at
2026-09-14,Austria,de,iptv chromecast osterreich,device+geo,at_device,at,queued,ok,iptvchromecastosterreich.at,.at
2026-09-14,Austria,de,iptv mag box,device,at_device,at,queued,ok,iptvmagbox.at,.at
2026-09-14,Austria,de,iptv mag box osterreich,device+geo,at_device,at,queued,ok,iptvmagboxosterreich.at,.at
2026-09-14,Austria,de,iptv formuler,device,at_device,at,queued,ok,iptvformuler.at,.at
2026-09-14,Austria,de,iptv formuler osterreich,device+geo,at_device,at,queued,ok,iptvformulerosterreich.at,.at
2026-09-14,Austria,de,tivimate,app_seo_only,at_app,at,queued,ok,tivimate.at,.at
2026-09-14,Austria,de,tivimate osterreich,app+geo,at_app,at,queued,ok,tivimateosterreich.at,.at
2026-09-14,Austria,de,tivimate iptv,app_seo_only,at_app,at,queued,ok,tivimateiptv.at,.at
2026-09-14,Austria,de,tivimate iptv osterreich,app+geo,at_app,at,queued,ok,tivimateiptvosterreich.at,.at
2026-09-14,Austria,de,tivimate premium,app_seo_only,at_app,at,queued,ok,tivimatepremium.at,.at
2026-09-14,Austria,de,tivimate premium osterreich,app+geo,at_app,at,queued,ok,cluster-on-country-site,at
2026-09-14,Austria,de,tivimate subscription,app_seo_only,at_app,at,queued,ok,tivimatesubscription.at,.at
2026-09-14,Austria,de,tivimate subscription osterreich,app+geo,at_app,at,queued,ok,cluster-on-country-site,at
2026-09-14,Austria,de,tivimate playlist,app_seo_only,at_app,at,queued,ok,tivimateplaylist.at,.at
2026-09-14,Austria,de,tivimate playlist osterreich,app+geo,at_app,at,queued,ok,cluster-on-country-site,at
2026-09-14,Austria,de,iptv smarters,app_seo_only,at_app,at,queued,ok,iptvsmarters.at,.at
2026-09-14,Austria,de,iptv smarters osterreich,app+geo,at_app,at,queued,ok,iptvsmartersosterreich.at,.at
2026-09-14,Austria,de,smarters iptv,app_seo_only,at_app,at,queued,ok,smartersiptv.at,.at
2026-09-14,Austria,de,smarters iptv osterreich,app+geo,at_app,at,queued,ok,smartersiptvosterreich.at,.at
2026-09-14,Austria,de,iptv smarters pro,app_seo_only,at_app,at,queued,ok,iptvsmarterspro.at,.at
2026-09-14,Austria,de,iptv smarters pro osterreich,app+geo,at_app,at,queued,ok,cluster-on-country-site,at
2026-09-14,Austria,de,smarters pro iptv,app_seo_only,at_app,at,queued,ok,smartersproiptv.at,.at
2026-09-14,Austria,de,smarters pro iptv osterreich,app+geo,at_app,at,queued,ok,cluster-on-country-site,at
2026-09-14,Austria,de,iptv smarters subscription,app_seo_only,at_app,at,queued,ok,iptvsmarterssubscription.at,.at
2026-09-14,Austria,de,iptv smarters subscription osterreich,app+geo,at_app,at,queued,ok,cluster-on-country-site,at
2026-09-14,Austria,de,gse smart iptv,app_seo_only,at_app,at,queued,ok,gsesmartiptv.at,.at
2026-09-14,Austria,de,gse smart iptv osterreich,app+geo,at_app,at,queued,ok,gsesmartiptvosterreich.at,.at
2026-09-14,Austria,de,smart iptv app,app_seo_only,at_app,at,queued,ok,smartiptvapp.at,.at
2026-09-14,Austria,de,smart iptv app osterreich,app+geo,at_app,at,queued,ok,smartiptvapposterreich.at,.at
2026-09-14,Austria,de,perfect player iptv,app_seo_only,at_app,at,queued,ok,perfectplayeriptv.at,.at
2026-09-14,Austria,de,perfect player iptv osterreich,app+geo,at_app,at,queued,ok,cluster-on-country-site,at
2026-09-14,Austria,de,xceltv,app_seo_only,at_app,at,queued,ok,xceltv.at,.at
2026-09-14,Austria,de,xceltv osterreich,app+geo,at_app,at,queued,ok,xceltvosterreich.at,.at
2026-09-14,Austria,de,ott navigator,app_seo_only,at_app,at,queued,ok,ottnavigator.at,.at
2026-09-14,Austria,de,ott navigator osterreich,app+geo,at_app,at,queued,ok,ottnavigatorosterreich.at,.at
2026-09-14,Austria,de,iptv extreme,app_seo_only,at_app,at,queued,ok,iptvextreme.at,.at
2026-09-14,Austria,de,iptv extreme osterreich,app+geo,at_app,at,queued,ok,iptvextremeosterreich.at,.at
2026-09-14,Austria,de,set iptv,app_seo_only,at_app,at,queued,ok,setiptv.at,.at
2026-09-14,Austria,de,set iptv osterreich,app+geo,at_app,at,queued,ok,setiptvosterreich.at,.at
2026-09-14,Austria,de,net iptv,app_seo_only,at_app,at,queued,ok,netiptv.at,.at
2026-09-14,Austria,de,net iptv osterreich,app+geo,at_app,at,queued,ok,netiptvosterreich.at,.at
2026-09-14,Austria,de,ibo player,app_seo_only,at_app,at,queued,ok,iboplayer.at,.at
2026-09-14,Austria,de,ibo player osterreich,app+geo,at_app,at,queued,ok,iboplayerosterreich.at,.at
2026-09-14,Austria,de,duplexplay,app_seo_only,at_app,at,queued,ok,duplexplay.at,.at
2026-09-14,Austria,de,duplexplay osterreich,app+geo,at_app,at,queued,ok,duplexplayosterreich.at,.at
2026-09-14,Austria,de,iptv player apk,app_seo_only,at_app,at,queued,ok,iptvplayerapk.at,.at
2026-09-14,Austria,de,iptv player apk osterreich,app+geo,at_app,at,queued,ok,iptvplayerapkosterreich.at,.at
2026-09-14,Sweden,sv,iptv,service,se_core,se,queued,ok,cluster-on-country-site,se
2026-09-14,Sweden,sv,iptv sverige,service+geo,se_geo,se,queued,ok,iptvsverige.se,.se
2026-09-14,Sweden,sv,iptv sweden,service+geo,se_geo,se,queued,ok,iptvsweden.se,.se
2026-09-14,Sweden,sv,best iptv,service,se_core,se,queued,ok,bestiptv.se,.se
2026-09-14,Sweden,sv,best iptv sverige,service+geo,se_geo,se,queued,ok,bestiptvsverige.se,.se
2026-09-14,Sweden,sv,best iptv sweden,service+geo,se_geo,se,queued,ok,bestiptvsweden.se,.se
2026-09-14,Sweden,sv,iptv provider,service,se_core,se,queued,ok,iptvprovider.se,.se
2026-09-14,Sweden,sv,iptv provider sverige,service+geo,se_geo,se,queued,ok,iptvprovidersverige.se,.se
2026-09-14,Sweden,sv,iptv provider sweden,service+geo,se_geo,se,queued,ok,iptvprovidersweden.se,.se
2026-09-14,Sweden,sv,iptv subscription,service,se_core,se,queued,ok,iptvsubscription.se,.se
2026-09-14,Sweden,sv,iptv subscription sverige,service+geo,se_geo,se,queued,ok,iptvsubscriptionsverige.se,.se
2026-09-14,Sweden,sv,iptv subscription sweden,service+geo,se_geo,se,queued,ok,iptvsubscriptionsweden.se,.se
2026-09-14,Sweden,sv,iptv service,service,se_core,se,queued,ok,iptvservice.se,.se
2026-09-14,Sweden,sv,iptv service sverige,service+geo,se_geo,se,queued,ok,iptvservicesverige.se,.se
2026-09-14,Sweden,sv,iptv service sweden,service+geo,se_geo,se,queued,ok,iptvservicesweden.se,.se
2026-09-14,Sweden,sv,iptv services,service,se_core,se,queued,ok,iptvservices.se,.se
2026-09-14,Sweden,sv,iptv services sverige,service+geo,se_geo,se,queued,ok,iptvservicessverige.se,.se
2026-09-14,Sweden,sv,iptv services sweden,service+geo,se_geo,se,queued,ok,iptvservicessweden.se,.se
2026-09-14,Sweden,sv,iptv channels,service,se_core,se,queued,ok,iptvchannels.se,.se
2026-09-14,Sweden,sv,iptv channels sverige,service+geo,se_geo,se,queued,ok,iptvchannelssverige.se,.se
2026-09-14,Sweden,sv,iptv channels sweden,service+geo,se_geo,se,queued,ok,iptvchannelssweden.se,.se
2026-09-14,Sweden,sv,iptv streaming,service,se_core,se,queued,ok,iptvstreaming.se,.se
2026-09-14,Sweden,sv,iptv streaming sverige,service+geo,se_geo,se,queued,ok,iptvstreamingsverige.se,.se
2026-09-14,Sweden,sv,iptv streaming sweden,service+geo,se_geo,se,queued,ok,iptvstreamingsweden.se,.se
2026-09-14,Sweden,sv,iptv player,service,se_core,se,queued,ok,iptvplayer.se,.se
2026-09-14,Sweden,sv,iptv player sverige,service+geo,se_geo,se,queued,ok,iptvplayersverige.se,.se
2026-09-14,Sweden,sv,iptv player sweden,service+geo,se_geo,se,queued,ok,iptvplayersweden.se,.se
2026-09-14,Sweden,sv,iptv app,service,se_core,se,queued,ok,iptvapp.se,.se
2026-09-14,Sweden,sv,iptv app sverige,service+geo,se_geo,se,queued,ok,iptvappsverige.se,.se
2026-09-14,Sweden,sv,iptv app sweden,service+geo,se_geo,se,queued,ok,iptvappsweden.se,.se
2026-09-14,Sweden,sv,iptv box,service,se_core,se,queued,ok,iptvbox.se,.se
2026-09-14,Sweden,sv,iptv box sverige,service+geo,se_geo,se,queued,ok,iptvboxsverige.se,.se
2026-09-14,Sweden,sv,iptv box sweden,service+geo,se_geo,se,queued,ok,iptvboxsweden.se,.se
2026-09-14,Sweden,sv,iptv trial,service,se_core,se,queued,ok,iptvtrial.se,.se
2026-09-14,Sweden,sv,iptv trial sverige,service+geo,se_geo,se,queued,ok,iptvtrialsverige.se,.se
2026-09-14,Sweden,sv,iptv trial sweden,service+geo,se_geo,se,queued,ok,iptvtrialsweden.se,.se
2026-09-14,Sweden,sv,iptv free trial,service,se_core,se,queued,ok,iptvfreetrial.se,.se
2026-09-14,Sweden,sv,iptv free trial sverige,service+geo,se_geo,se,queued,ok,iptvfreetrialsverige.se,.se
2026-09-14,Sweden,sv,iptv free trial sweden,service+geo,se_geo,se,queued,ok,iptvfreetrialsweden.se,.se
2026-09-14,Sweden,sv,iptv premium,service,se_core,se,queued,ok,iptvpremium.se,.se
2026-09-14,Sweden,sv,iptv premium sverige,service+geo,se_geo,se,queued,ok,iptvpremiumsverige.se,.se
2026-09-14,Sweden,sv,iptv premium sweden,service+geo,se_geo,se,queued,ok,iptvpremiumsweden.se,.se
2026-09-14,Sweden,sv,iptv deals,service,se_core,se,queued,ok,iptvdeals.se,.se
2026-09-14,Sweden,sv,iptv deals sverige,service+geo,se_geo,se,queued,ok,iptvdealssverige.se,.se
2026-09-14,Sweden,sv,iptv deals sweden,service+geo,se_geo,se,queued,ok,iptvdealssweden.se,.se
2026-09-14,Sweden,sv,iptv plans,service,se_core,se,queued,ok,iptvplans.se,.se
2026-09-14,Sweden,sv,iptv plans sverige,service+geo,se_geo,se,queued,ok,iptvplanssverige.se,.se
2026-09-14,Sweden,sv,iptv plans sweden,service+geo,se_geo,se,queued,ok,iptvplanssweden.se,.se
2026-09-14,Sweden,sv,iptv packages,service,se_core,se,queued,ok,iptvpackages.se,.se
2026-09-14,Sweden,sv,iptv packages sverige,service+geo,se_geo,se,queued,ok,iptvpackagessverige.se,.se
2026-09-14,Sweden,sv,iptv packages sweden,service+geo,se_geo,se,queued,ok,iptvpackagessweden.se,.se
2026-09-14,Sweden,sv,iptv online,service,se_core,se,queued,ok,iptvonline.se,.se
2026-09-14,Sweden,sv,iptv online sverige,service+geo,se_geo,se,queued,ok,iptvonlinesverige.se,.se
2026-09-14,Sweden,sv,iptv online sweden,service+geo,se_geo,se,queued,ok,iptvonlinesweden.se,.se
2026-09-14,Sweden,sv,iptv for smart tv,device,se_device,se,queued,ok,iptvforsmarttv.se,.se
2026-09-14,Sweden,sv,iptv for smart tv sverige,device+geo,se_device,se,queued,ok,iptvforsmarttvsverige.se,.se
2026-09-14,Sweden,sv,iptv for firestick,device,se_device,se,queued,ok,iptvforfirestick.se,.se
2026-09-14,Sweden,sv,iptv for firestick sverige,device+geo,se_device,se,queued,ok,iptvforfiresticksverige.se,.se
2026-09-14,Sweden,sv,iptv for fire stick,device,se_device,se,queued,ok,iptvforfirestick.se,.se
2026-09-14,Sweden,sv,iptv for fire stick sverige,device+geo,se_device,se,queued,ok,iptvforfiresticksverige.se,.se
2026-09-14,Sweden,sv,iptv for android,device,se_device,se,queued,ok,iptvforandroid.se,.se
2026-09-14,Sweden,sv,iptv for android sverige,device+geo,se_device,se,queued,ok,iptvforandroidsverige.se,.se
2026-09-14,Sweden,sv,iptv for samsung,device,se_device,se,queued,ok,iptvforsamsung.se,.se
2026-09-14,Sweden,sv,iptv for samsung sverige,device+geo,se_device,se,queued,ok,iptvforsamsungsverige.se,.se
2026-09-14,Sweden,sv,iptv for lg,device,se_device,se,queued,ok,iptvforlg.se,.se
2026-09-14,Sweden,sv,iptv for lg sverige,device+geo,se_device,se,queued,ok,iptvforlgsverige.se,.se
2026-09-14,Sweden,sv,iptv for roku,device,se_device,se,queued,ok,iptvforroku.se,.se
2026-09-14,Sweden,sv,iptv for roku sverige,device+geo,se_device,se,queued,ok,iptvforrokusverige.se,.se
2026-09-14,Sweden,sv,iptv for apple tv,device,se_device,se,queued,ok,iptvforappletv.se,.se
2026-09-14,Sweden,sv,iptv for apple tv sverige,device+geo,se_device,se,queued,ok,iptvforappletvsverige.se,.se
2026-09-14,Sweden,sv,iptv firestick,device,se_device,se,queued,ok,iptvfirestick.se,.se
2026-09-14,Sweden,sv,iptv firestick sverige,device+geo,se_device,se,queued,ok,iptvfiresticksverige.se,.se
2026-09-14,Sweden,sv,iptv smart tv,device,se_device,se,queued,ok,iptvsmarttv.se,.se
2026-09-14,Sweden,sv,iptv smart tv sverige,device+geo,se_device,se,queued,ok,iptvsmarttvsverige.se,.se
2026-09-14,Sweden,sv,iptv android box,device,se_device,se,queued,ok,iptvandroidbox.se,.se
2026-09-14,Sweden,sv,iptv android box sverige,device+geo,se_device,se,queued,ok,iptvandroidboxsverige.se,.se
2026-09-14,Sweden,sv,iptv nvidia shield,device,se_device,se,queued,ok,iptvnvidiashield.se,.se
2026-09-14,Sweden,sv,iptv nvidia shield sverige,device+geo,se_device,se,queued,ok,iptvnvidiashieldsverige.se,.se
2026-09-14,Sweden,sv,iptv chromecast,device,se_device,se,queued,ok,iptvchromecast.se,.se
2026-09-14,Sweden,sv,iptv chromecast sverige,device+geo,se_device,se,queued,ok,iptvchromecastsverige.se,.se
2026-09-14,Sweden,sv,iptv mag box,device,se_device,se,queued,ok,iptvmagbox.se,.se
2026-09-14,Sweden,sv,iptv mag box sverige,device+geo,se_device,se,queued,ok,iptvmagboxsverige.se,.se
2026-09-14,Sweden,sv,iptv formuler,device,se_device,se,queued,ok,iptvformuler.se,.se
2026-09-14,Sweden,sv,iptv formuler sverige,device+geo,se_device,se,queued,ok,iptvformulersverige.se,.se
2026-09-14,Sweden,sv,tivimate,app_seo_only,se_app,se,queued,ok,tivimate.se,.se
2026-09-14,Sweden,sv,tivimate sverige,app+geo,se_app,se,queued,ok,tivimatesverige.se,.se
2026-09-14,Sweden,sv,tivimate iptv,app_seo_only,se_app,se,queued,ok,tivimateiptv.se,.se
2026-09-14,Sweden,sv,tivimate iptv sverige,app+geo,se_app,se,queued,ok,tivimateiptvsverige.se,.se
2026-09-14,Sweden,sv,tivimate premium,app_seo_only,se_app,se,queued,ok,tivimatepremium.se,.se
2026-09-14,Sweden,sv,tivimate premium sverige,app+geo,se_app,se,queued,ok,tivimatepremiumsverige.se,.se
2026-09-14,Sweden,sv,tivimate subscription,app_seo_only,se_app,se,queued,ok,tivimatesubscription.se,.se
2026-09-14,Sweden,sv,tivimate subscription sverige,app+geo,se_app,se,queued,ok,cluster-on-country-site,se
2026-09-14,Sweden,sv,tivimate playlist,app_seo_only,se_app,se,queued,ok,tivimateplaylist.se,.se
2026-09-14,Sweden,sv,tivimate playlist sverige,app+geo,se_app,se,queued,ok,tivimateplaylistsverige.se,.se
2026-09-14,Sweden,sv,iptv smarters,app_seo_only,se_app,se,queued,ok,iptvsmarters.se,.se
2026-09-14,Sweden,sv,iptv smarters sverige,app+geo,se_app,se,queued,ok,iptvsmarterssverige.se,.se
2026-09-14,Sweden,sv,smarters iptv,app_seo_only,se_app,se,queued,ok,smartersiptv.se,.se
2026-09-14,Sweden,sv,smarters iptv sverige,app+geo,se_app,se,queued,ok,smartersiptvsverige.se,.se
2026-09-14,Sweden,sv,iptv smarters pro,app_seo_only,se_app,se,queued,ok,iptvsmarterspro.se,.se
2026-09-14,Sweden,sv,iptv smarters pro sverige,app+geo,se_app,se,queued,ok,iptvsmartersprosverige.se,.se
2026-09-14,Sweden,sv,smarters pro iptv,app_seo_only,se_app,se,queued,ok,smartersproiptv.se,.se
2026-09-14,Sweden,sv,smarters pro iptv sverige,app+geo,se_app,se,queued,ok,smartersproiptvsverige.se,.se
2026-09-14,Sweden,sv,iptv smarters subscription,app_seo_only,se_app,se,queued,ok,iptvsmarterssubscription.se,.se
2026-09-14,Sweden,sv,iptv smarters subscription sverige,app+geo,se_app,se,queued,ok,cluster-on-country-site,se
2026-09-14,Sweden,sv,gse smart iptv,app_seo_only,se_app,se,queued,ok,gsesmartiptv.se,.se
2026-09-14,Sweden,sv,gse smart iptv sverige,app+geo,se_app,se,queued,ok,gsesmartiptvsverige.se,.se
2026-09-14,Sweden,sv,smart iptv app,app_seo_only,se_app,se,queued,ok,smartiptvapp.se,.se
2026-09-14,Sweden,sv,smart iptv app sverige,app+geo,se_app,se,queued,ok,smartiptvappsverige.se,.se
2026-09-14,Sweden,sv,perfect player iptv,app_seo_only,se_app,se,queued,ok,perfectplayeriptv.se,.se
2026-09-14,Sweden,sv,perfect player iptv sverige,app+geo,se_app,se,queued,ok,perfectplayeriptvsverige.se,.se
2026-09-14,Sweden,sv,xceltv,app_seo_only,se_app,se,queued,ok,xceltv.se,.se
2026-09-14,Sweden,sv,xceltv sverige,app+geo,se_app,se,queued,ok,xceltvsverige.se,.se
2026-09-14,Sweden,sv,ott navigator,app_seo_only,se_app,se,queued,ok,ottnavigator.se,.se
2026-09-14,Sweden,sv,ott navigator sverige,app+geo,se_app,se,queued,ok,ottnavigatorsverige.se,.se
2026-09-14,Sweden,sv,iptv extreme,app_seo_only,se_app,se,queued,ok,iptvextreme.se,.se
2026-09-14,Sweden,sv,iptv extreme sverige,app+geo,se_app,se,queued,ok,iptvextremesverige.se,.se
2026-09-14,Sweden,sv,set iptv,app_seo_only,se_app,se,queued,ok,setiptv.se,.se
2026-09-14,Sweden,sv,set iptv sverige,app+geo,se_app,se,queued,ok,setiptvsverige.se,.se
2026-09-14,Sweden,sv,net iptv,app_seo_only,se_app,se,queued,ok,netiptv.se,.se
2026-09-14,Sweden,sv,net iptv sverige,app+geo,se_app,se,queued,ok,netiptvsverige.se,.se
2026-09-14,Sweden,sv,ibo player,app_seo_only,se_app,se,queued,ok,iboplayer.se,.se
2026-09-14,Sweden,sv,ibo player sverige,app+geo,se_app,se,queued,ok,iboplayersverige.se,.se
2026-09-14,Sweden,sv,duplexplay,app_seo_only,se_app,se,queued,ok,duplexplay.se,.se
2026-09-14,Sweden,sv,duplexplay sverige,app+geo,se_app,se,queued,ok,duplexplaysverige.se,.se
2026-09-14,Sweden,sv,iptv player apk,app_seo_only,se_app,se,queued,ok,iptvplayerapk.se,.se
2026-09-14,Sweden,sv,iptv player apk sverige,app+geo,se_app,se,queued,ok,iptvplayerapksverige.se,.se
2026-09-14,Norway,no,iptv,service,no_core,no,queued,ok,cluster-on-country-site,no
2026-09-14,Norway,no,iptv norge,service+geo,no_geo,no,queued,ok,iptvnorge.no,.no
2026-09-14,Norway,no,iptv norway,service+geo,no_geo,no,queued,ok,iptvnorway.no,.no
2026-09-14,Norway,no,best iptv,service,no_core,no,queued,ok,bestiptv.no,.no
2026-09-14,Norway,no,best iptv norge,service+geo,no_geo,no,queued,ok,bestiptvnorge.no,.no
2026-09-14,Norway,no,best iptv norway,service+geo,no_geo,no,queued,ok,bestiptvnorway.no,.no
2026-09-14,Norway,no,iptv provider,service,no_core,no,queued,ok,iptvprovider.no,.no
2026-09-14,Norway,no,iptv provider norge,service+geo,no_geo,no,queued,ok,iptvprovidernorge.no,.no
2026-09-14,Norway,no,iptv provider norway,service+geo,no_geo,no,queued,ok,iptvprovidernorway.no,.no
2026-09-14,Norway,no,iptv subscription,service,no_core,no,queued,ok,iptvsubscription.no,.no
2026-09-14,Norway,no,iptv subscription norge,service+geo,no_geo,no,queued,ok,iptvsubscriptionnorge.no,.no
2026-09-14,Norway,no,iptv subscription norway,service+geo,no_geo,no,queued,ok,iptvsubscriptionnorway.no,.no
2026-09-14,Norway,no,iptv service,service,no_core,no,queued,ok,iptvservice.no,.no
2026-09-14,Norway,no,iptv service norge,service+geo,no_geo,no,queued,ok,iptvservicenorge.no,.no
2026-09-14,Norway,no,iptv service norway,service+geo,no_geo,no,queued,ok,iptvservicenorway.no,.no
2026-09-14,Norway,no,iptv services,service,no_core,no,queued,ok,iptvservices.no,.no
2026-09-14,Norway,no,iptv services norge,service+geo,no_geo,no,queued,ok,iptvservicesnorge.no,.no
2026-09-14,Norway,no,iptv services norway,service+geo,no_geo,no,queued,ok,iptvservicesnorway.no,.no
2026-09-14,Norway,no,iptv channels,service,no_core,no,queued,ok,iptvchannels.no,.no
2026-09-14,Norway,no,iptv channels norge,service+geo,no_geo,no,queued,ok,iptvchannelsnorge.no,.no
2026-09-14,Norway,no,iptv channels norway,service+geo,no_geo,no,queued,ok,iptvchannelsnorway.no,.no
2026-09-14,Norway,no,iptv streaming,service,no_core,no,queued,ok,iptvstreaming.no,.no
2026-09-14,Norway,no,iptv streaming norge,service+geo,no_geo,no,queued,ok,iptvstreamingnorge.no,.no
2026-09-14,Norway,no,iptv streaming norway,service+geo,no_geo,no,queued,ok,iptvstreamingnorway.no,.no
2026-09-14,Norway,no,iptv player,service,no_core,no,queued,ok,iptvplayer.no,.no
2026-09-14,Norway,no,iptv player norge,service+geo,no_geo,no,queued,ok,iptvplayernorge.no,.no
2026-09-14,Norway,no,iptv player norway,service+geo,no_geo,no,queued,ok,iptvplayernorway.no,.no
2026-09-14,Norway,no,iptv app,service,no_core,no,queued,ok,iptvapp.no,.no
2026-09-14,Norway,no,iptv app norge,service+geo,no_geo,no,queued,ok,iptvappnorge.no,.no
2026-09-14,Norway,no,iptv app norway,service+geo,no_geo,no,queued,ok,iptvappnorway.no,.no
2026-09-14,Norway,no,iptv box,service,no_core,no,queued,ok,iptvbox.no,.no
2026-09-14,Norway,no,iptv box norge,service+geo,no_geo,no,queued,ok,iptvboxnorge.no,.no
2026-09-14,Norway,no,iptv box norway,service+geo,no_geo,no,queued,ok,iptvboxnorway.no,.no
2026-09-14,Norway,no,iptv trial,service,no_core,no,queued,ok,iptvtrial.no,.no
2026-09-14,Norway,no,iptv trial norge,service+geo,no_geo,no,queued,ok,iptvtrialnorge.no,.no
2026-09-14,Norway,no,iptv trial norway,service+geo,no_geo,no,queued,ok,iptvtrialnorway.no,.no
2026-09-14,Norway,no,iptv free trial,service,no_core,no,queued,ok,iptvfreetrial.no,.no
2026-09-14,Norway,no,iptv free trial norge,service+geo,no_geo,no,queued,ok,iptvfreetrialnorge.no,.no
2026-09-14,Norway,no,iptv free trial norway,service+geo,no_geo,no,queued,ok,iptvfreetrialnorway.no,.no
2026-09-14,Norway,no,iptv premium,service,no_core,no,queued,ok,iptvpremium.no,.no
2026-09-14,Norway,no,iptv premium norge,service+geo,no_geo,no,queued,ok,iptvpremiumnorge.no,.no
2026-09-14,Norway,no,iptv premium norway,service+geo,no_geo,no,queued,ok,iptvpremiumnorway.no,.no
2026-09-14,Norway,no,iptv deals,service,no_core,no,queued,ok,iptvdeals.no,.no
2026-09-14,Norway,no,iptv deals norge,service+geo,no_geo,no,queued,ok,iptvdealsnorge.no,.no
2026-09-14,Norway,no,iptv deals norway,service+geo,no_geo,no,queued,ok,iptvdealsnorway.no,.no
2026-09-14,Norway,no,iptv plans,service,no_core,no,queued,ok,iptvplans.no,.no
2026-09-14,Norway,no,iptv plans norge,service+geo,no_geo,no,queued,ok,iptvplansnorge.no,.no
2026-09-14,Norway,no,iptv plans norway,service+geo,no_geo,no,queued,ok,iptvplansnorway.no,.no
2026-09-14,Norway,no,iptv packages,service,no_core,no,queued,ok,iptvpackages.no,.no
2026-09-14,Norway,no,iptv packages norge,service+geo,no_geo,no,queued,ok,iptvpackagesnorge.no,.no
2026-09-14,Norway,no,iptv packages norway,service+geo,no_geo,no,queued,ok,iptvpackagesnorway.no,.no
2026-09-14,Norway,no,iptv online,service,no_core,no,queued,ok,iptvonline.no,.no
2026-09-14,Norway,no,iptv online norge,service+geo,no_geo,no,queued,ok,iptvonlinenorge.no,.no
2026-09-14,Norway,no,iptv online norway,service+geo,no_geo,no,queued,ok,iptvonlinenorway.no,.no
2026-09-14,Norway,no,iptv for smart tv,device,no_device,no,queued,ok,iptvforsmarttv.no,.no
2026-09-14,Norway,no,iptv for smart tv norge,device+geo,no_device,no,queued,ok,iptvforsmarttvnorge.no,.no
2026-09-14,Norway,no,iptv for firestick,device,no_device,no,queued,ok,iptvforfirestick.no,.no
2026-09-14,Norway,no,iptv for firestick norge,device+geo,no_device,no,queued,ok,iptvforfiresticknorge.no,.no
2026-09-14,Norway,no,iptv for fire stick,device,no_device,no,queued,ok,iptvforfirestick.no,.no
2026-09-14,Norway,no,iptv for fire stick norge,device+geo,no_device,no,queued,ok,iptvforfiresticknorge.no,.no
2026-09-14,Norway,no,iptv for android,device,no_device,no,queued,ok,iptvforandroid.no,.no
2026-09-14,Norway,no,iptv for android norge,device+geo,no_device,no,queued,ok,iptvforandroidnorge.no,.no
2026-09-14,Norway,no,iptv for samsung,device,no_device,no,queued,ok,iptvforsamsung.no,.no
2026-09-14,Norway,no,iptv for samsung norge,device+geo,no_device,no,queued,ok,iptvforsamsungnorge.no,.no
2026-09-14,Norway,no,iptv for lg,device,no_device,no,queued,ok,iptvforlg.no,.no
2026-09-14,Norway,no,iptv for lg norge,device+geo,no_device,no,queued,ok,iptvforlgnorge.no,.no
2026-09-14,Norway,no,iptv for roku,device,no_device,no,queued,ok,iptvforroku.no,.no
2026-09-14,Norway,no,iptv for roku norge,device+geo,no_device,no,queued,ok,iptvforrokunorge.no,.no
2026-09-14,Norway,no,iptv for apple tv,device,no_device,no,queued,ok,iptvforappletv.no,.no
2026-09-14,Norway,no,iptv for apple tv norge,device+geo,no_device,no,queued,ok,iptvforappletvnorge.no,.no
2026-09-14,Norway,no,iptv firestick,device,no_device,no,queued,ok,iptvfirestick.no,.no
2026-09-14,Norway,no,iptv firestick norge,device+geo,no_device,no,queued,ok,iptvfiresticknorge.no,.no
2026-09-14,Norway,no,iptv smart tv,device,no_device,no,queued,ok,iptvsmarttv.no,.no
2026-09-14,Norway,no,iptv smart tv norge,device+geo,no_device,no,queued,ok,iptvsmarttvnorge.no,.no
2026-09-14,Norway,no,iptv android box,device,no_device,no,queued,ok,iptvandroidbox.no,.no
2026-09-14,Norway,no,iptv android box norge,device+geo,no_device,no,queued,ok,iptvandroidboxnorge.no,.no
2026-09-14,Norway,no,iptv nvidia shield,device,no_device,no,queued,ok,iptvnvidiashield.no,.no
2026-09-14,Norway,no,iptv nvidia shield norge,device+geo,no_device,no,queued,ok,iptvnvidiashieldnorge.no,.no
2026-09-14,Norway,no,iptv chromecast,device,no_device,no,queued,ok,iptvchromecast.no,.no
2026-09-14,Norway,no,iptv chromecast norge,device+geo,no_device,no,queued,ok,iptvchromecastnorge.no,.no
2026-09-14,Norway,no,iptv mag box,device,no_device,no,queued,ok,iptvmagbox.no,.no
2026-09-14,Norway,no,iptv mag box norge,device+geo,no_device,no,queued,ok,iptvmagboxnorge.no,.no
2026-09-14,Norway,no,iptv formuler,device,no_device,no,queued,ok,iptvformuler.no,.no
2026-09-14,Norway,no,iptv formuler norge,device+geo,no_device,no,queued,ok,iptvformulernorge.no,.no
2026-09-14,Norway,no,tivimate,app_seo_only,no_app,no,queued,ok,tivimate.no,.no
2026-09-14,Norway,no,tivimate norge,app+geo,no_app,no,queued,ok,tivimatenorge.no,.no
2026-09-14,Norway,no,tivimate iptv,app_seo_only,no_app,no,queued,ok,tivimateiptv.no,.no
2026-09-14,Norway,no,tivimate iptv norge,app+geo,no_app,no,queued,ok,tivimateiptvnorge.no,.no
2026-09-14,Norway,no,tivimate premium,app_seo_only,no_app,no,queued,ok,tivimatepremium.no,.no
2026-09-14,Norway,no,tivimate premium norge,app+geo,no_app,no,queued,ok,tivimatepremiumnorge.no,.no
2026-09-14,Norway,no,tivimate subscription,app_seo_only,no_app,no,queued,ok,tivimatesubscription.no,.no
2026-09-14,Norway,no,tivimate subscription norge,app+geo,no_app,no,queued,ok,cluster-on-country-site,no
2026-09-14,Norway,no,tivimate playlist,app_seo_only,no_app,no,queued,ok,tivimateplaylist.no,.no
2026-09-14,Norway,no,tivimate playlist norge,app+geo,no_app,no,queued,ok,tivimateplaylistnorge.no,.no
2026-09-14,Norway,no,iptv smarters,app_seo_only,no_app,no,queued,ok,iptvsmarters.no,.no
2026-09-14,Norway,no,iptv smarters norge,app+geo,no_app,no,queued,ok,iptvsmartersnorge.no,.no
2026-09-14,Norway,no,smarters iptv,app_seo_only,no_app,no,queued,ok,smartersiptv.no,.no
2026-09-14,Norway,no,smarters iptv norge,app+geo,no_app,no,queued,ok,smartersiptvnorge.no,.no
2026-09-14,Norway,no,iptv smarters pro,app_seo_only,no_app,no,queued,ok,iptvsmarterspro.no,.no
2026-09-14,Norway,no,iptv smarters pro norge,app+geo,no_app,no,queued,ok,iptvsmarterspronorge.no,.no
2026-09-14,Norway,no,smarters pro iptv,app_seo_only,no_app,no,queued,ok,smartersproiptv.no,.no
2026-09-14,Norway,no,smarters pro iptv norge,app+geo,no_app,no,queued,ok,smartersproiptvnorge.no,.no
2026-09-14,Norway,no,iptv smarters subscription,app_seo_only,no_app,no,queued,ok,iptvsmarterssubscription.no,.no
2026-09-14,Norway,no,iptv smarters subscription norge,app+geo,no_app,no,queued,ok,cluster-on-country-site,no
2026-09-14,Norway,no,gse smart iptv,app_seo_only,no_app,no,queued,ok,gsesmartiptv.no,.no
2026-09-14,Norway,no,gse smart iptv norge,app+geo,no_app,no,queued,ok,gsesmartiptvnorge.no,.no
2026-09-14,Norway,no,smart iptv app,app_seo_only,no_app,no,queued,ok,smartiptvapp.no,.no
2026-09-14,Norway,no,smart iptv app norge,app+geo,no_app,no,queued,ok,smartiptvappnorge.no,.no
2026-09-14,Norway,no,perfect player iptv,app_seo_only,no_app,no,queued,ok,perfectplayeriptv.no,.no
2026-09-14,Norway,no,perfect player iptv norge,app+geo,no_app,no,queued,ok,perfectplayeriptvnorge.no,.no
2026-09-14,Norway,no,xceltv,app_seo_only,no_app,no,queued,ok,xceltv.no,.no
2026-09-14,Norway,no,xceltv norge,app+geo,no_app,no,queued,ok,xceltvnorge.no,.no
2026-09-14,Norway,no,ott navigator,app_seo_only,no_app,no,queued,ok,ottnavigator.no,.no
2026-09-14,Norway,no,ott navigator norge,app+geo,no_app,no,queued,ok,ottnavigatornorge.no,.no
2026-09-14,Norway,no,iptv extreme,app_seo_only,no_app,no,queued,ok,iptvextreme.no,.no
2026-09-14,Norway,no,iptv extreme norge,app+geo,no_app,no,queued,ok,iptvextremenorge.no,.no
2026-09-14,Norway,no,set iptv,app_seo_only,no_app,no,queued,ok,setiptv.no,.no
2026-09-14,Norway,no,set iptv norge,app+geo,no_app,no,queued,ok,setiptvnorge.no,.no
2026-09-14,Norway,no,net iptv,app_seo_only,no_app,no,queued,ok,netiptv.no,.no
2026-09-14,Norway,no,net iptv norge,app+geo,no_app,no,queued,ok,netiptvnorge.no,.no
2026-09-14,Norway,no,ibo player,app_seo_only,no_app,no,queued,ok,iboplayer.no,.no
2026-09-14,Norway,no,ibo player norge,app+geo,no_app,no,queued,ok,iboplayernorge.no,.no
2026-09-14,Norway,no,duplexplay,app_seo_only,no_app,no,queued,ok,duplexplay.no,.no
2026-09-14,Norway,no,duplexplay norge,app+geo,no_app,no,queued,ok,duplexplaynorge.no,.no
2026-09-14,Norway,no,iptv player apk,app_seo_only,no_app,no,queued,ok,iptvplayerapk.no,.no
2026-09-14,Norway,no,iptv player apk norge,app+geo,no_app,no,queued,ok,iptvplayerapknorge.no,.no
2026-09-14,Denmark,da,iptv,service,dk_core,dk,queued,ok,cluster-on-country-site,dk
2026-09-14,Denmark,da,iptv danmark,service+geo,dk_geo,dk,queued,ok,iptvdanmark.dk,.dk
2026-09-14,Denmark,da,iptv denmark,service+geo,dk_geo,dk,queued,ok,iptvdenmark.dk,.dk
2026-09-14,Denmark,da,best iptv,service,dk_core,dk,queued,ok,bestiptv.dk,.dk
2026-09-14,Denmark,da,best iptv danmark,service+geo,dk_geo,dk,queued,ok,bestiptvdanmark.dk,.dk
2026-09-14,Denmark,da,best iptv denmark,service+geo,dk_geo,dk,queued,ok,bestiptvdenmark.dk,.dk
2026-09-14,Denmark,da,iptv provider,service,dk_core,dk,queued,ok,iptvprovider.dk,.dk
2026-09-14,Denmark,da,iptv provider danmark,service+geo,dk_geo,dk,queued,ok,iptvproviderdanmark.dk,.dk
2026-09-14,Denmark,da,iptv provider denmark,service+geo,dk_geo,dk,queued,ok,iptvproviderdenmark.dk,.dk
2026-09-14,Denmark,da,iptv subscription,service,dk_core,dk,queued,ok,iptvsubscription.dk,.dk
2026-09-14,Denmark,da,iptv subscription danmark,service+geo,dk_geo,dk,queued,ok,iptvsubscriptiondanmark.dk,.dk
2026-09-14,Denmark,da,iptv subscription denmark,service+geo,dk_geo,dk,queued,ok,iptvsubscriptiondenmark.dk,.dk
2026-09-14,Denmark,da,iptv service,service,dk_core,dk,queued,ok,iptvservice.dk,.dk
2026-09-14,Denmark,da,iptv service danmark,service+geo,dk_geo,dk,queued,ok,iptvservicedanmark.dk,.dk
2026-09-14,Denmark,da,iptv service denmark,service+geo,dk_geo,dk,queued,ok,iptvservicedenmark.dk,.dk
2026-09-14,Denmark,da,iptv services,service,dk_core,dk,queued,ok,iptvservices.dk,.dk
2026-09-14,Denmark,da,iptv services danmark,service+geo,dk_geo,dk,queued,ok,iptvservicesdanmark.dk,.dk
2026-09-14,Denmark,da,iptv services denmark,service+geo,dk_geo,dk,queued,ok,iptvservicesdenmark.dk,.dk
2026-09-14,Denmark,da,iptv channels,service,dk_core,dk,queued,ok,iptvchannels.dk,.dk
2026-09-14,Denmark,da,iptv channels danmark,service+geo,dk_geo,dk,queued,ok,iptvchannelsdanmark.dk,.dk
2026-09-14,Denmark,da,iptv channels denmark,service+geo,dk_geo,dk,queued,ok,iptvchannelsdenmark.dk,.dk
2026-09-14,Denmark,da,iptv streaming,service,dk_core,dk,queued,ok,iptvstreaming.dk,.dk
2026-09-14,Denmark,da,iptv streaming danmark,service+geo,dk_geo,dk,queued,ok,iptvstreamingdanmark.dk,.dk
2026-09-14,Denmark,da,iptv streaming denmark,service+geo,dk_geo,dk,queued,ok,iptvstreamingdenmark.dk,.dk
2026-09-14,Denmark,da,iptv player,service,dk_core,dk,queued,ok,iptvplayer.dk,.dk
2026-09-14,Denmark,da,iptv player danmark,service+geo,dk_geo,dk,queued,ok,iptvplayerdanmark.dk,.dk
2026-09-14,Denmark,da,iptv player denmark,service+geo,dk_geo,dk,queued,ok,iptvplayerdenmark.dk,.dk
2026-09-14,Denmark,da,iptv app,service,dk_core,dk,queued,ok,iptvapp.dk,.dk
2026-09-14,Denmark,da,iptv app danmark,service+geo,dk_geo,dk,queued,ok,iptvappdanmark.dk,.dk
2026-09-14,Denmark,da,iptv app denmark,service+geo,dk_geo,dk,queued,ok,iptvappdenmark.dk,.dk
2026-09-14,Denmark,da,iptv box,service,dk_core,dk,queued,ok,iptvbox.dk,.dk
2026-09-14,Denmark,da,iptv box danmark,service+geo,dk_geo,dk,queued,ok,iptvboxdanmark.dk,.dk
2026-09-14,Denmark,da,iptv box denmark,service+geo,dk_geo,dk,queued,ok,iptvboxdenmark.dk,.dk
2026-09-14,Denmark,da,iptv trial,service,dk_core,dk,queued,ok,iptvtrial.dk,.dk
2026-09-14,Denmark,da,iptv trial danmark,service+geo,dk_geo,dk,queued,ok,iptvtrialdanmark.dk,.dk
2026-09-14,Denmark,da,iptv trial denmark,service+geo,dk_geo,dk,queued,ok,iptvtrialdenmark.dk,.dk
2026-09-14,Denmark,da,iptv free trial,service,dk_core,dk,queued,ok,iptvfreetrial.dk,.dk
2026-09-14,Denmark,da,iptv free trial danmark,service+geo,dk_geo,dk,queued,ok,iptvfreetrialdanmark.dk,.dk
2026-09-14,Denmark,da,iptv free trial denmark,service+geo,dk_geo,dk,queued,ok,iptvfreetrialdenmark.dk,.dk
2026-09-14,Denmark,da,iptv premium,service,dk_core,dk,queued,ok,iptvpremium.dk,.dk
2026-09-14,Denmark,da,iptv premium danmark,service+geo,dk_geo,dk,queued,ok,iptvpremiumdanmark.dk,.dk
2026-09-14,Denmark,da,iptv premium denmark,service+geo,dk_geo,dk,queued,ok,iptvpremiumdenmark.dk,.dk
2026-09-14,Denmark,da,iptv deals,service,dk_core,dk,queued,ok,iptvdeals.dk,.dk
2026-09-14,Denmark,da,iptv deals danmark,service+geo,dk_geo,dk,queued,ok,iptvdealsdanmark.dk,.dk
2026-09-14,Denmark,da,iptv deals denmark,service+geo,dk_geo,dk,queued,ok,iptvdealsdenmark.dk,.dk
2026-09-14,Denmark,da,iptv plans,service,dk_core,dk,queued,ok,iptvplans.dk,.dk
2026-09-14,Denmark,da,iptv plans danmark,service+geo,dk_geo,dk,queued,ok,iptvplansdanmark.dk,.dk
2026-09-14,Denmark,da,iptv plans denmark,service+geo,dk_geo,dk,queued,ok,iptvplansdenmark.dk,.dk
2026-09-14,Denmark,da,iptv packages,service,dk_core,dk,queued,ok,iptvpackages.dk,.dk
2026-09-14,Denmark,da,iptv packages danmark,service+geo,dk_geo,dk,queued,ok,iptvpackagesdanmark.dk,.dk
2026-09-14,Denmark,da,iptv packages denmark,service+geo,dk_geo,dk,queued,ok,iptvpackagesdenmark.dk,.dk
2026-09-14,Denmark,da,iptv online,service,dk_core,dk,queued,ok,iptvonline.dk,.dk
2026-09-14,Denmark,da,iptv online danmark,service+geo,dk_geo,dk,queued,ok,iptvonlinedanmark.dk,.dk
2026-09-14,Denmark,da,iptv online denmark,service+geo,dk_geo,dk,queued,ok,iptvonlinedenmark.dk,.dk
2026-09-14,Denmark,da,iptv for smart tv,device,dk_device,dk,queued,ok,iptvforsmarttv.dk,.dk
2026-09-14,Denmark,da,iptv for smart tv danmark,device+geo,dk_device,dk,queued,ok,iptvforsmarttvdanmark.dk,.dk
2026-09-14,Denmark,da,iptv for firestick,device,dk_device,dk,queued,ok,iptvforfirestick.dk,.dk
2026-09-14,Denmark,da,iptv for firestick danmark,device+geo,dk_device,dk,queued,ok,iptvforfirestickdanmark.dk,.dk
2026-09-14,Denmark,da,iptv for fire stick,device,dk_device,dk,queued,ok,iptvforfirestick.dk,.dk
2026-09-14,Denmark,da,iptv for fire stick danmark,device+geo,dk_device,dk,queued,ok,iptvforfirestickdanmark.dk,.dk
2026-09-14,Denmark,da,iptv for android,device,dk_device,dk,queued,ok,iptvforandroid.dk,.dk
2026-09-14,Denmark,da,iptv for android danmark,device+geo,dk_device,dk,queued,ok,iptvforandroiddanmark.dk,.dk
2026-09-14,Denmark,da,iptv for samsung,device,dk_device,dk,queued,ok,iptvforsamsung.dk,.dk
2026-09-14,Denmark,da,iptv for samsung danmark,device+geo,dk_device,dk,queued,ok,iptvforsamsungdanmark.dk,.dk
2026-09-14,Denmark,da,iptv for lg,device,dk_device,dk,queued,ok,iptvforlg.dk,.dk
2026-09-14,Denmark,da,iptv for lg danmark,device+geo,dk_device,dk,queued,ok,iptvforlgdanmark.dk,.dk
2026-09-14,Denmark,da,iptv for roku,device,dk_device,dk,queued,ok,iptvforroku.dk,.dk
2026-09-14,Denmark,da,iptv for roku danmark,device+geo,dk_device,dk,queued,ok,iptvforrokudanmark.dk,.dk
2026-09-14,Denmark,da,iptv for apple tv,device,dk_device,dk,queued,ok,iptvforappletv.dk,.dk
2026-09-14,Denmark,da,iptv for apple tv danmark,device+geo,dk_device,dk,queued,ok,iptvforappletvdanmark.dk,.dk
2026-09-14,Denmark,da,iptv firestick,device,dk_device,dk,queued,ok,iptvfirestick.dk,.dk
2026-09-14,Denmark,da,iptv firestick danmark,device+geo,dk_device,dk,queued,ok,iptvfirestickdanmark.dk,.dk
2026-09-14,Denmark,da,iptv smart tv,device,dk_device,dk,queued,ok,iptvsmarttv.dk,.dk
2026-09-14,Denmark,da,iptv smart tv danmark,device+geo,dk_device,dk,queued,ok,iptvsmarttvdanmark.dk,.dk
2026-09-14,Denmark,da,iptv android box,device,dk_device,dk,queued,ok,iptvandroidbox.dk,.dk
2026-09-14,Denmark,da,iptv android box danmark,device+geo,dk_device,dk,queued,ok,iptvandroidboxdanmark.dk,.dk
2026-09-14,Denmark,da,iptv nvidia shield,device,dk_device,dk,queued,ok,iptvnvidiashield.dk,.dk
2026-09-14,Denmark,da,iptv nvidia shield danmark,device+geo,dk_device,dk,queued,ok,iptvnvidiashielddanmark.dk,.dk
2026-09-14,Denmark,da,iptv chromecast,device,dk_device,dk,queued,ok,iptvchromecast.dk,.dk
2026-09-14,Denmark,da,iptv chromecast danmark,device+geo,dk_device,dk,queued,ok,iptvchromecastdanmark.dk,.dk
2026-09-14,Denmark,da,iptv mag box,device,dk_device,dk,queued,ok,iptvmagbox.dk,.dk
2026-09-14,Denmark,da,iptv mag box danmark,device+geo,dk_device,dk,queued,ok,iptvmagboxdanmark.dk,.dk
2026-09-14,Denmark,da,iptv formuler,device,dk_device,dk,queued,ok,iptvformuler.dk,.dk
2026-09-14,Denmark,da,iptv formuler danmark,device+geo,dk_device,dk,queued,ok,iptvformulerdanmark.dk,.dk
2026-09-14,Denmark,da,tivimate,app_seo_only,dk_app,dk,queued,ok,tivimate.dk,.dk
2026-09-14,Denmark,da,tivimate danmark,app+geo,dk_app,dk,queued,ok,tivimatedanmark.dk,.dk
2026-09-14,Denmark,da,tivimate iptv,app_seo_only,dk_app,dk,queued,ok,tivimateiptv.dk,.dk
2026-09-14,Denmark,da,tivimate iptv danmark,app+geo,dk_app,dk,queued,ok,tivimateiptvdanmark.dk,.dk
2026-09-14,Denmark,da,tivimate premium,app_seo_only,dk_app,dk,queued,ok,tivimatepremium.dk,.dk
2026-09-14,Denmark,da,tivimate premium danmark,app+geo,dk_app,dk,queued,ok,tivimatepremiumdanmark.dk,.dk
2026-09-14,Denmark,da,tivimate subscription,app_seo_only,dk_app,dk,queued,ok,tivimatesubscription.dk,.dk
2026-09-14,Denmark,da,tivimate subscription danmark,app+geo,dk_app,dk,queued,ok,cluster-on-country-site,dk
2026-09-14,Denmark,da,tivimate playlist,app_seo_only,dk_app,dk,queued,ok,tivimateplaylist.dk,.dk
2026-09-14,Denmark,da,tivimate playlist danmark,app+geo,dk_app,dk,queued,ok,tivimateplaylistdanmark.dk,.dk
2026-09-14,Denmark,da,iptv smarters,app_seo_only,dk_app,dk,queued,ok,iptvsmarters.dk,.dk
2026-09-14,Denmark,da,iptv smarters danmark,app+geo,dk_app,dk,queued,ok,iptvsmartersdanmark.dk,.dk
2026-09-14,Denmark,da,smarters iptv,app_seo_only,dk_app,dk,queued,ok,smartersiptv.dk,.dk
2026-09-14,Denmark,da,smarters iptv danmark,app+geo,dk_app,dk,queued,ok,smartersiptvdanmark.dk,.dk
2026-09-14,Denmark,da,iptv smarters pro,app_seo_only,dk_app,dk,queued,ok,iptvsmarterspro.dk,.dk
2026-09-14,Denmark,da,iptv smarters pro danmark,app+geo,dk_app,dk,queued,ok,iptvsmartersprodanmark.dk,.dk
2026-09-14,Denmark,da,smarters pro iptv,app_seo_only,dk_app,dk,queued,ok,smartersproiptv.dk,.dk
2026-09-14,Denmark,da,smarters pro iptv danmark,app+geo,dk_app,dk,queued,ok,smartersproiptvdanmark.dk,.dk
2026-09-14,Denmark,da,iptv smarters subscription,app_seo_only,dk_app,dk,queued,ok,iptvsmarterssubscription.dk,.dk
2026-09-14,Denmark,da,iptv smarters subscription danmark,app+geo,dk_app,dk,queued,ok,cluster-on-country-site,dk
2026-09-14,Denmark,da,gse smart iptv,app_seo_only,dk_app,dk,queued,ok,gsesmartiptv.dk,.dk
2026-09-14,Denmark,da,gse smart iptv danmark,app+geo,dk_app,dk,queued,ok,gsesmartiptvdanmark.dk,.dk
2026-09-14,Denmark,da,smart iptv app,app_seo_only,dk_app,dk,queued,ok,smartiptvapp.dk,.dk
2026-09-14,Denmark,da,smart iptv app danmark,app+geo,dk_app,dk,queued,ok,smartiptvappdanmark.dk,.dk
2026-09-14,Denmark,da,perfect player iptv,app_seo_only,dk_app,dk,queued,ok,perfectplayeriptv.dk,.dk
2026-09-14,Denmark,da,perfect player iptv danmark,app+geo,dk_app,dk,queued,ok,perfectplayeriptvdanmark.dk,.dk
2026-09-14,Denmark,da,xceltv,app_seo_only,dk_app,dk,queued,ok,xceltv.dk,.dk
2026-09-14,Denmark,da,xceltv danmark,app+geo,dk_app,dk,queued,ok,xceltvdanmark.dk,.dk
2026-09-14,Denmark,da,ott navigator,app_seo_only,dk_app,dk,queued,ok,ottnavigator.dk,.dk
2026-09-14,Denmark,da,ott navigator danmark,app+geo,dk_app,dk,queued,ok,ottnavigatordanmark.dk,.dk
2026-09-14,Denmark,da,iptv extreme,app_seo_only,dk_app,dk,queued,ok,iptvextreme.dk,.dk
2026-09-14,Denmark,da,iptv extreme danmark,app+geo,dk_app,dk,queued,ok,iptvextremedanmark.dk,.dk
2026-09-14,Denmark,da,set iptv,app_seo_only,dk_app,dk,queued,ok,setiptv.dk,.dk
2026-09-14,Denmark,da,set iptv danmark,app+geo,dk_app,dk,queued,ok,setiptvdanmark.dk,.dk
2026-09-14,Denmark,da,net iptv,app_seo_only,dk_app,dk,queued,ok,netiptv.dk,.dk
2026-09-14,Denmark,da,net iptv danmark,app+geo,dk_app,dk,queued,ok,netiptvdanmark.dk,.dk
2026-09-14,Denmark,da,ibo player,app_seo_only,dk_app,dk,queued,ok,iboplayer.dk,.dk
2026-09-14,Denmark,da,ibo player danmark,app+geo,dk_app,dk,queued,ok,iboplayerdanmark.dk,.dk
2026-09-14,Denmark,da,duplexplay,app_seo_only,dk_app,dk,queued,ok,duplexplay.dk,.dk
2026-09-14,Denmark,da,duplexplay danmark,app+geo,dk_app,dk,queued,ok,duplexplaydanmark.dk,.dk
2026-09-14,Denmark,da,iptv player apk,app_seo_only,dk_app,dk,queued,ok,iptvplayerapk.dk,.dk
2026-09-14,Denmark,da,iptv player apk danmark,app+geo,dk_app,dk,queued,ok,iptvplayerapkdanmark.dk,.dk
2026-09-14,Finland,fi,iptv,service,fi_core,fi,queued,ok,cluster-on-country-site,fi
2026-09-14,Finland,fi,iptv suomi,service+geo,fi_geo,fi,queued,ok,iptvsuomi.fi,.fi
2026-09-14,Finland,fi,iptv finland,service+geo,fi_geo,fi,queued,ok,iptvfinland.fi,.fi
2026-09-14,Finland,fi,best iptv,service,fi_core,fi,queued,ok,bestiptv.fi,.fi
2026-09-14,Finland,fi,best iptv suomi,service+geo,fi_geo,fi,queued,ok,bestiptvsuomi.fi,.fi
2026-09-14,Finland,fi,best iptv finland,service+geo,fi_geo,fi,queued,ok,bestiptvfinland.fi,.fi
2026-09-14,Finland,fi,iptv provider,service,fi_core,fi,queued,ok,iptvprovider.fi,.fi
2026-09-14,Finland,fi,iptv provider suomi,service+geo,fi_geo,fi,queued,ok,iptvprovidersuomi.fi,.fi
2026-09-14,Finland,fi,iptv provider finland,service+geo,fi_geo,fi,queued,ok,iptvproviderfinland.fi,.fi
2026-09-14,Finland,fi,iptv subscription,service,fi_core,fi,queued,ok,iptvsubscription.fi,.fi
2026-09-14,Finland,fi,iptv subscription suomi,service+geo,fi_geo,fi,queued,ok,iptvsubscriptionsuomi.fi,.fi
2026-09-14,Finland,fi,iptv subscription finland,service+geo,fi_geo,fi,queued,ok,iptvsubscriptionfinland.fi,.fi
2026-09-14,Finland,fi,iptv service,service,fi_core,fi,queued,ok,iptvservice.fi,.fi
2026-09-14,Finland,fi,iptv service suomi,service+geo,fi_geo,fi,queued,ok,iptvservicesuomi.fi,.fi
2026-09-14,Finland,fi,iptv service finland,service+geo,fi_geo,fi,queued,ok,iptvservicefinland.fi,.fi
2026-09-14,Finland,fi,iptv services,service,fi_core,fi,queued,ok,iptvservices.fi,.fi
2026-09-14,Finland,fi,iptv services suomi,service+geo,fi_geo,fi,queued,ok,iptvservicessuomi.fi,.fi
2026-09-14,Finland,fi,iptv services finland,service+geo,fi_geo,fi,queued,ok,iptvservicesfinland.fi,.fi
2026-09-14,Finland,fi,iptv channels,service,fi_core,fi,queued,ok,iptvchannels.fi,.fi
2026-09-14,Finland,fi,iptv channels suomi,service+geo,fi_geo,fi,queued,ok,iptvchannelssuomi.fi,.fi
2026-09-14,Finland,fi,iptv channels finland,service+geo,fi_geo,fi,queued,ok,iptvchannelsfinland.fi,.fi
2026-09-14,Finland,fi,iptv streaming,service,fi_core,fi,queued,ok,iptvstreaming.fi,.fi
2026-09-14,Finland,fi,iptv streaming suomi,service+geo,fi_geo,fi,queued,ok,iptvstreamingsuomi.fi,.fi
2026-09-14,Finland,fi,iptv streaming finland,service+geo,fi_geo,fi,queued,ok,iptvstreamingfinland.fi,.fi
2026-09-14,Finland,fi,iptv player,service,fi_core,fi,queued,ok,iptvplayer.fi,.fi
2026-09-14,Finland,fi,iptv player suomi,service+geo,fi_geo,fi,queued,ok,iptvplayersuomi.fi,.fi
2026-09-14,Finland,fi,iptv player finland,service+geo,fi_geo,fi,queued,ok,iptvplayerfinland.fi,.fi
2026-09-14,Finland,fi,iptv app,service,fi_core,fi,queued,ok,iptvapp.fi,.fi
2026-09-14,Finland,fi,iptv app suomi,service+geo,fi_geo,fi,queued,ok,iptvappsuomi.fi,.fi
2026-09-14,Finland,fi,iptv app finland,service+geo,fi_geo,fi,queued,ok,iptvappfinland.fi,.fi
2026-09-14,Finland,fi,iptv box,service,fi_core,fi,queued,ok,iptvbox.fi,.fi
2026-09-14,Finland,fi,iptv box suomi,service+geo,fi_geo,fi,queued,ok,iptvboxsuomi.fi,.fi
2026-09-14,Finland,fi,iptv box finland,service+geo,fi_geo,fi,queued,ok,iptvboxfinland.fi,.fi
2026-09-14,Finland,fi,iptv trial,service,fi_core,fi,queued,ok,iptvtrial.fi,.fi
2026-09-14,Finland,fi,iptv trial suomi,service+geo,fi_geo,fi,queued,ok,iptvtrialsuomi.fi,.fi
2026-09-14,Finland,fi,iptv trial finland,service+geo,fi_geo,fi,queued,ok,iptvtrialfinland.fi,.fi
2026-09-14,Finland,fi,iptv free trial,service,fi_core,fi,queued,ok,iptvfreetrial.fi,.fi
2026-09-14,Finland,fi,iptv free trial suomi,service+geo,fi_geo,fi,queued,ok,iptvfreetrialsuomi.fi,.fi
2026-09-14,Finland,fi,iptv free trial finland,service+geo,fi_geo,fi,queued,ok,iptvfreetrialfinland.fi,.fi
2026-09-14,Finland,fi,iptv premium,service,fi_core,fi,queued,ok,iptvpremium.fi,.fi
2026-09-14,Finland,fi,iptv premium suomi,service+geo,fi_geo,fi,queued,ok,iptvpremiumsuomi.fi,.fi
2026-09-14,Finland,fi,iptv premium finland,service+geo,fi_geo,fi,queued,ok,iptvpremiumfinland.fi,.fi
2026-09-14,Finland,fi,iptv deals,service,fi_core,fi,queued,ok,iptvdeals.fi,.fi
2026-09-14,Finland,fi,iptv deals suomi,service+geo,fi_geo,fi,queued,ok,iptvdealssuomi.fi,.fi
2026-09-14,Finland,fi,iptv deals finland,service+geo,fi_geo,fi,queued,ok,iptvdealsfinland.fi,.fi
2026-09-14,Finland,fi,iptv plans,service,fi_core,fi,queued,ok,iptvplans.fi,.fi
2026-09-14,Finland,fi,iptv plans suomi,service+geo,fi_geo,fi,queued,ok,iptvplanssuomi.fi,.fi
2026-09-14,Finland,fi,iptv plans finland,service+geo,fi_geo,fi,queued,ok,iptvplansfinland.fi,.fi
2026-09-14,Finland,fi,iptv packages,service,fi_core,fi,queued,ok,iptvpackages.fi,.fi
2026-09-14,Finland,fi,iptv packages suomi,service+geo,fi_geo,fi,queued,ok,iptvpackagessuomi.fi,.fi
2026-09-14,Finland,fi,iptv packages finland,service+geo,fi_geo,fi,queued,ok,iptvpackagesfinland.fi,.fi
2026-09-14,Finland,fi,iptv online,service,fi_core,fi,queued,ok,iptvonline.fi,.fi
2026-09-14,Finland,fi,iptv online suomi,service+geo,fi_geo,fi,queued,ok,iptvonlinesuomi.fi,.fi
2026-09-14,Finland,fi,iptv online finland,service+geo,fi_geo,fi,queued,ok,iptvonlinefinland.fi,.fi
2026-09-14,Finland,fi,iptv for smart tv,device,fi_device,fi,queued,ok,iptvforsmarttv.fi,.fi
2026-09-14,Finland,fi,iptv for smart tv suomi,device+geo,fi_device,fi,queued,ok,iptvforsmarttvsuomi.fi,.fi
2026-09-14,Finland,fi,iptv for firestick,device,fi_device,fi,queued,ok,iptvforfirestick.fi,.fi
2026-09-14,Finland,fi,iptv for firestick suomi,device+geo,fi_device,fi,queued,ok,iptvforfiresticksuomi.fi,.fi
2026-09-14,Finland,fi,iptv for fire stick,device,fi_device,fi,queued,ok,iptvforfirestick.fi,.fi
2026-09-14,Finland,fi,iptv for fire stick suomi,device+geo,fi_device,fi,queued,ok,iptvforfiresticksuomi.fi,.fi
2026-09-14,Finland,fi,iptv for android,device,fi_device,fi,queued,ok,iptvforandroid.fi,.fi
2026-09-14,Finland,fi,iptv for android suomi,device+geo,fi_device,fi,queued,ok,iptvforandroidsuomi.fi,.fi
2026-09-14,Finland,fi,iptv for samsung,device,fi_device,fi,queued,ok,iptvforsamsung.fi,.fi
2026-09-14,Finland,fi,iptv for samsung suomi,device+geo,fi_device,fi,queued,ok,iptvforsamsungsuomi.fi,.fi
2026-09-14,Finland,fi,iptv for lg,device,fi_device,fi,queued,ok,iptvforlg.fi,.fi
2026-09-14,Finland,fi,iptv for lg suomi,device+geo,fi_device,fi,queued,ok,iptvforlgsuomi.fi,.fi
2026-09-14,Finland,fi,iptv for roku,device,fi_device,fi,queued,ok,iptvforroku.fi,.fi
2026-09-14,Finland,fi,iptv for roku suomi,device+geo,fi_device,fi,queued,ok,iptvforrokusuomi.fi,.fi
2026-09-14,Finland,fi,iptv for apple tv,device,fi_device,fi,queued,ok,iptvforappletv.fi,.fi
2026-09-14,Finland,fi,iptv for apple tv suomi,device+geo,fi_device,fi,queued,ok,iptvforappletvsuomi.fi,.fi
2026-09-14,Finland,fi,iptv firestick,device,fi_device,fi,queued,ok,iptvfirestick.fi,.fi
2026-09-14,Finland,fi,iptv firestick suomi,device+geo,fi_device,fi,queued,ok,iptvfiresticksuomi.fi,.fi
2026-09-14,Finland,fi,iptv smart tv,device,fi_device,fi,queued,ok,iptvsmarttv.fi,.fi
2026-09-14,Finland,fi,iptv smart tv suomi,device+geo,fi_device,fi,queued,ok,iptvsmarttvsuomi.fi,.fi
2026-09-14,Finland,fi,iptv android box,device,fi_device,fi,queued,ok,iptvandroidbox.fi,.fi
2026-09-14,Finland,fi,iptv android box suomi,device+geo,fi_device,fi,queued,ok,iptvandroidboxsuomi.fi,.fi
2026-09-14,Finland,fi,iptv nvidia shield,device,fi_device,fi,queued,ok,iptvnvidiashield.fi,.fi
2026-09-14,Finland,fi,iptv nvidia shield suomi,device+geo,fi_device,fi,queued,ok,iptvnvidiashieldsuomi.fi,.fi
2026-09-14,Finland,fi,iptv chromecast,device,fi_device,fi,queued,ok,iptvchromecast.fi,.fi
2026-09-14,Finland,fi,iptv chromecast suomi,device+geo,fi_device,fi,queued,ok,iptvchromecastsuomi.fi,.fi
2026-09-14,Finland,fi,iptv mag box,device,fi_device,fi,queued,ok,iptvmagbox.fi,.fi
2026-09-14,Finland,fi,iptv mag box suomi,device+geo,fi_device,fi,queued,ok,iptvmagboxsuomi.fi,.fi
2026-09-14,Finland,fi,iptv formuler,device,fi_device,fi,queued,ok,iptvformuler.fi,.fi
2026-09-14,Finland,fi,iptv formuler suomi,device+geo,fi_device,fi,queued,ok,iptvformulersuomi.fi,.fi
2026-09-14,Finland,fi,tivimate,app_seo_only,fi_app,fi,queued,ok,tivimate.fi,.fi
2026-09-14,Finland,fi,tivimate suomi,app+geo,fi_app,fi,queued,ok,tivimatesuomi.fi,.fi
2026-09-14,Finland,fi,tivimate iptv,app_seo_only,fi_app,fi,queued,ok,tivimateiptv.fi,.fi
2026-09-14,Finland,fi,tivimate iptv suomi,app+geo,fi_app,fi,queued,ok,tivimateiptvsuomi.fi,.fi
2026-09-14,Finland,fi,tivimate premium,app_seo_only,fi_app,fi,queued,ok,tivimatepremium.fi,.fi
2026-09-14,Finland,fi,tivimate premium suomi,app+geo,fi_app,fi,queued,ok,tivimatepremiumsuomi.fi,.fi
2026-09-14,Finland,fi,tivimate subscription,app_seo_only,fi_app,fi,queued,ok,tivimatesubscription.fi,.fi
2026-09-14,Finland,fi,tivimate subscription suomi,app+geo,fi_app,fi,queued,ok,cluster-on-country-site,fi
2026-09-14,Finland,fi,tivimate playlist,app_seo_only,fi_app,fi,queued,ok,tivimateplaylist.fi,.fi
2026-09-14,Finland,fi,tivimate playlist suomi,app+geo,fi_app,fi,queued,ok,tivimateplaylistsuomi.fi,.fi
2026-09-14,Finland,fi,iptv smarters,app_seo_only,fi_app,fi,queued,ok,iptvsmarters.fi,.fi
2026-09-14,Finland,fi,iptv smarters suomi,app+geo,fi_app,fi,queued,ok,iptvsmarterssuomi.fi,.fi
2026-09-14,Finland,fi,smarters iptv,app_seo_only,fi_app,fi,queued,ok,smartersiptv.fi,.fi
2026-09-14,Finland,fi,smarters iptv suomi,app+geo,fi_app,fi,queued,ok,smartersiptvsuomi.fi,.fi
2026-09-14,Finland,fi,iptv smarters pro,app_seo_only,fi_app,fi,queued,ok,iptvsmarterspro.fi,.fi
2026-09-14,Finland,fi,iptv smarters pro suomi,app+geo,fi_app,fi,queued,ok,iptvsmartersprosuomi.fi,.fi
2026-09-14,Finland,fi,smarters pro iptv,app_seo_only,fi_app,fi,queued,ok,smartersproiptv.fi,.fi
2026-09-14,Finland,fi,smarters pro iptv suomi,app+geo,fi_app,fi,queued,ok,smartersproiptvsuomi.fi,.fi
2026-09-14,Finland,fi,iptv smarters subscription,app_seo_only,fi_app,fi,queued,ok,iptvsmarterssubscription.fi,.fi
2026-09-14,Finland,fi,iptv smarters subscription suomi,app+geo,fi_app,fi,queued,ok,cluster-on-country-site,fi
2026-09-14,Finland,fi,gse smart iptv,app_seo_only,fi_app,fi,queued,ok,gsesmartiptv.fi,.fi
2026-09-14,Finland,fi,gse smart iptv suomi,app+geo,fi_app,fi,queued,ok,gsesmartiptvsuomi.fi,.fi
2026-09-14,Finland,fi,smart iptv app,app_seo_only,fi_app,fi,queued,ok,smartiptvapp.fi,.fi
2026-09-14,Finland,fi,smart iptv app suomi,app+geo,fi_app,fi,queued,ok,smartiptvappsuomi.fi,.fi
2026-09-14,Finland,fi,perfect player iptv,app_seo_only,fi_app,fi,queued,ok,perfectplayeriptv.fi,.fi
2026-09-14,Finland,fi,perfect player iptv suomi,app+geo,fi_app,fi,queued,ok,perfectplayeriptvsuomi.fi,.fi
2026-09-14,Finland,fi,xceltv,app_seo_only,fi_app,fi,queued,ok,xceltv.fi,.fi
2026-09-14,Finland,fi,xceltv suomi,app+geo,fi_app,fi,queued,ok,xceltvsuomi.fi,.fi
2026-09-14,Finland,fi,ott navigator,app_seo_only,fi_app,fi,queued,ok,ottnavigator.fi,.fi
2026-09-14,Finland,fi,ott navigator suomi,app+geo,fi_app,fi,queued,ok,ottnavigatorsuomi.fi,.fi
2026-09-14,Finland,fi,iptv extreme,app_seo_only,fi_app,fi,queued,ok,iptvextreme.fi,.fi
2026-09-14,Finland,fi,iptv extreme suomi,app+geo,fi_app,fi,queued,ok,iptvextremesuomi.fi,.fi
2026-09-14,Finland,fi,set iptv,app_seo_only,fi_app,fi,queued,ok,setiptv.fi,.fi
2026-09-14,Finland,fi,set iptv suomi,app+geo,fi_app,fi,queued,ok,setiptvsuomi.fi,.fi
2026-09-14,Finland,fi,net iptv,app_seo_only,fi_app,fi,queued,ok,netiptv.fi,.fi
2026-09-14,Finland,fi,net iptv suomi,app+geo,fi_app,fi,queued,ok,netiptvsuomi.fi,.fi
2026-09-14,Finland,fi,ibo player,app_seo_only,fi_app,fi,queued,ok,iboplayer.fi,.fi
2026-09-14,Finland,fi,ibo player suomi,app+geo,fi_app,fi,queued,ok,iboplayersuomi.fi,.fi
2026-09-14,Finland,fi,duplexplay,app_seo_only,fi_app,fi,queued,ok,duplexplay.fi,.fi
2026-09-14,Finland,fi,duplexplay suomi,app+geo,fi_app,fi,queued,ok,duplexplaysuomi.fi,.fi
2026-09-14,Finland,fi,iptv player apk,app_seo_only,fi_app,fi,queued,ok,iptvplayerapk.fi,.fi
2026-09-14,Finland,fi,iptv player apk suomi,app+geo,fi_app,fi,queued,ok,iptvplayerapksuomi.fi,.fi
2026-09-14,Ireland,en,iptv,service,ie_core,ie,queued,ignore_.ie_documents,SKIP_IE_DOCUMENTS,n/a
2026-09-14,Ireland,en,iptv ireland,service+geo,ie_geo,ie,volume_verified,ignore_.ie_documents,SKIP_IE_DOCUMENTS,n/a
2026-09-14,Ireland,en,iptv irish,service+geo,ie_geo,ie,queued,ignore_.ie_documents,SKIP_IE_DOCUMENTS,n/a
2026-09-14,Ireland,en,best iptv,service,ie_core,ie,queued,ignore_.ie_documents,SKIP_IE_DOCUMENTS,n/a
2026-09-14,Ireland,en,best iptv ireland,service+geo,ie_geo,ie,volume_verified,ignore_.ie_documents,SKIP_IE_DOCUMENTS,n/a
2026-09-14,Ireland,en,best iptv irish,service+geo,ie_geo,ie,queued,ignore_.ie_documents,SKIP_IE_DOCUMENTS,n/a
2026-09-14,Ireland,en,iptv provider,service,ie_core,ie,queued,ignore_.ie_documents,SKIP_IE_DOCUMENTS,n/a
2026-09-14,Ireland,en,iptv provider ireland,service+geo,ie_geo,ie,queued,ignore_.ie_documents,SKIP_IE_DOCUMENTS,n/a
2026-09-14,Ireland,en,iptv provider irish,service+geo,ie_geo,ie,queued,ignore_.ie_documents,SKIP_IE_DOCUMENTS,n/a
2026-09-14,Ireland,en,iptv subscription,service,ie_core,ie,queued,ignore_.ie_documents,SKIP_IE_DOCUMENTS,n/a
2026-09-14,Ireland,en,iptv subscription ireland,service+geo,ie_geo,ie,queued,ignore_.ie_documents,SKIP_IE_DOCUMENTS,n/a
2026-09-14,Ireland,en,iptv subscription irish,service+geo,ie_geo,ie,queued,ignore_.ie_documents,SKIP_IE_DOCUMENTS,n/a
2026-09-14,Ireland,en,iptv service,service,ie_core,ie,queued,ignore_.ie_documents,SKIP_IE_DOCUMENTS,n/a
2026-09-14,Ireland,en,iptv service ireland,service+geo,ie_geo,ie,queued,ignore_.ie_documents,SKIP_IE_DOCUMENTS,n/a
2026-09-14,Ireland,en,iptv service irish,service+geo,ie_geo,ie,queued,ignore_.ie_documents,SKIP_IE_DOCUMENTS,n/a
2026-09-14,Ireland,en,iptv services,service,ie_core,ie,queued,ignore_.ie_documents,SKIP_IE_DOCUMENTS,n/a
2026-09-14,Ireland,en,iptv services ireland,service+geo,ie_geo,ie,queued,ignore_.ie_documents,SKIP_IE_DOCUMENTS,n/a
2026-09-14,Ireland,en,iptv services irish,service+geo,ie_geo,ie,queued,ignore_.ie_documents,SKIP_IE_DOCUMENTS,n/a
2026-09-14,Ireland,en,iptv channels,service,ie_core,ie,queued,ignore_.ie_documents,SKIP_IE_DOCUMENTS,n/a
2026-09-14,Ireland,en,iptv channels ireland,service+geo,ie_geo,ie,queued,ignore_.ie_documents,SKIP_IE_DOCUMENTS,n/a
2026-09-14,Ireland,en,iptv channels irish,service+geo,ie_geo,ie,queued,ignore_.ie_documents,SKIP_IE_DOCUMENTS,n/a
2026-09-14,Ireland,en,iptv streaming,service,ie_core,ie,queued,ignore_.ie_documents,SKIP_IE_DOCUMENTS,n/a
2026-09-14,Ireland,en,iptv streaming ireland,service+geo,ie_geo,ie,queued,ignore_.ie_documents,SKIP_IE_DOCUMENTS,n/a
2026-09-14,Ireland,en,iptv streaming irish,service+geo,ie_geo,ie,queued,ignore_.ie_documents,SKIP_IE_DOCUMENTS,n/a
2026-09-14,Ireland,en,iptv player,service,ie_core,ie,queued,ignore_.ie_documents,SKIP_IE_DOCUMENTS,n/a
2026-09-14,Ireland,en,iptv player ireland,service+geo,ie_geo,ie,queued,ignore_.ie_documents,SKIP_IE_DOCUMENTS,n/a
2026-09-14,Ireland,en,iptv player irish,service+geo,ie_geo,ie,queued,ignore_.ie_documents,SKIP_IE_DOCUMENTS,n/a
2026-09-14,Ireland,en,iptv app,service,ie_core,ie,queued,ignore_.ie_documents,SKIP_IE_DOCUMENTS,n/a
2026-09-14,Ireland,en,iptv app ireland,service+geo,ie_geo,ie,queued,ignore_.ie_documents,SKIP_IE_DOCUMENTS,n/a
2026-09-14,Ireland,en,iptv app irish,service+geo,ie_geo,ie,queued,ignore_.ie_documents,SKIP_IE_DOCUMENTS,n/a
2026-09-14,Ireland,en,iptv box,service,ie_core,ie,queued,ignore_.ie_documents,SKIP_IE_DOCUMENTS,n/a
2026-09-14,Ireland,en,iptv box ireland,service+geo,ie_geo,ie,queued,ignore_.ie_documents,SKIP_IE_DOCUMENTS,n/a
2026-09-14,Ireland,en,iptv box irish,service+geo,ie_geo,ie,queued,ignore_.ie_documents,SKIP_IE_DOCUMENTS,n/a
2026-09-14,Ireland,en,iptv trial,service,ie_core,ie,queued,ignore_.ie_documents,SKIP_IE_DOCUMENTS,n/a
2026-09-14,Ireland,en,iptv trial ireland,service+geo,ie_geo,ie,queued,ignore_.ie_documents,SKIP_IE_DOCUMENTS,n/a
2026-09-14,Ireland,en,iptv trial irish,service+geo,ie_geo,ie,queued,ignore_.ie_documents,SKIP_IE_DOCUMENTS,n/a
2026-09-14,Ireland,en,iptv free trial,service,ie_core,ie,queued,ignore_.ie_documents,SKIP_IE_DOCUMENTS,n/a
2026-09-14,Ireland,en,iptv free trial ireland,service+geo,ie_geo,ie,queued,ignore_.ie_documents,SKIP_IE_DOCUMENTS,n/a
2026-09-14,Ireland,en,iptv free trial irish,service+geo,ie_geo,ie,queued,ignore_.ie_documents,SKIP_IE_DOCUMENTS,n/a
2026-09-14,Ireland,en,iptv premium,service,ie_core,ie,queued,ignore_.ie_documents,SKIP_IE_DOCUMENTS,n/a
2026-09-14,Ireland,en,iptv premium ireland,service+geo,ie_geo,ie,queued,ignore_.ie_documents,SKIP_IE_DOCUMENTS,n/a
2026-09-14,Ireland,en,iptv premium irish,service+geo,ie_geo,ie,queued,ignore_.ie_documents,SKIP_IE_DOCUMENTS,n/a
2026-09-14,Ireland,en,iptv deals,service,ie_core,ie,queued,ignore_.ie_documents,SKIP_IE_DOCUMENTS,n/a
2026-09-14,Ireland,en,iptv deals ireland,service+geo,ie_geo,ie,queued,ignore_.ie_documents,SKIP_IE_DOCUMENTS,n/a
2026-09-14,Ireland,en,iptv deals irish,service+geo,ie_geo,ie,queued,ignore_.ie_documents,SKIP_IE_DOCUMENTS,n/a
2026-09-14,Ireland,en,iptv plans,service,ie_core,ie,queued,ignore_.ie_documents,SKIP_IE_DOCUMENTS,n/a
2026-09-14,Ireland,en,iptv plans ireland,service+geo,ie_geo,ie,queued,ignore_.ie_documents,SKIP_IE_DOCUMENTS,n/a
2026-09-14,Ireland,en,iptv plans irish,service+geo,ie_geo,ie,queued,ignore_.ie_documents,SKIP_IE_DOCUMENTS,n/a
2026-09-14,Ireland,en,iptv packages,service,ie_core,ie,queued,ignore_.ie_documents,SKIP_IE_DOCUMENTS,n/a
2026-09-14,Ireland,en,iptv packages ireland,service+geo,ie_geo,ie,queued,ignore_.ie_documents,SKIP_IE_DOCUMENTS,n/a
2026-09-14,Ireland,en,iptv packages irish,service+geo,ie_geo,ie,queued,ignore_.ie_documents,SKIP_IE_DOCUMENTS,n/a
2026-09-14,Ireland,en,iptv online,service,ie_core,ie,queued,ignore_.ie_documents,SKIP_IE_DOCUMENTS,n/a
2026-09-14,Ireland,en,iptv online ireland,service+geo,ie_geo,ie,queued,ignore_.ie_documents,SKIP_IE_DOCUMENTS,n/a
2026-09-14,Ireland,en,iptv online irish,service+geo,ie_geo,ie,queued,ignore_.ie_documents,SKIP_IE_DOCUMENTS,n/a
2026-09-14,Ireland,en,iptv for smart tv,device,ie_device,ie,queued,ignore_.ie_documents,SKIP_IE_DOCUMENTS,n/a
2026-09-14,Ireland,en,iptv for smart tv ireland,device+geo,ie_device,ie,queued,ignore_.ie_documents,SKIP_IE_DOCUMENTS,n/a
2026-09-14,Ireland,en,iptv for firestick,device,ie_device,ie,queued,ignore_.ie_documents,SKIP_IE_DOCUMENTS,n/a
2026-09-14,Ireland,en,iptv for firestick ireland,device+geo,ie_device,ie,queued,ignore_.ie_documents,SKIP_IE_DOCUMENTS,n/a
2026-09-14,Ireland,en,iptv for fire stick,device,ie_device,ie,queued,ignore_.ie_documents,SKIP_IE_DOCUMENTS,n/a
2026-09-14,Ireland,en,iptv for fire stick ireland,device+geo,ie_device,ie,queued,ignore_.ie_documents,SKIP_IE_DOCUMENTS,n/a
2026-09-14,Ireland,en,iptv for android,device,ie_device,ie,queued,ignore_.ie_documents,SKIP_IE_DOCUMENTS,n/a
2026-09-14,Ireland,en,iptv for android ireland,device+geo,ie_device,ie,queued,ignore_.ie_documents,SKIP_IE_DOCUMENTS,n/a
2026-09-14,Ireland,en,iptv for samsung,device,ie_device,ie,queued,ignore_.ie_documents,SKIP_IE_DOCUMENTS,n/a
2026-09-14,Ireland,en,iptv for samsung ireland,device+geo,ie_device,ie,queued,ignore_.ie_documents,SKIP_IE_DOCUMENTS,n/a
2026-09-14,Ireland,en,iptv for lg,device,ie_device,ie,queued,ignore_.ie_documents,SKIP_IE_DOCUMENTS,n/a
2026-09-14,Ireland,en,iptv for lg ireland,device+geo,ie_device,ie,queued,ignore_.ie_documents,SKIP_IE_DOCUMENTS,n/a
2026-09-14,Ireland,en,iptv for roku,device,ie_device,ie,queued,ignore_.ie_documents,SKIP_IE_DOCUMENTS,n/a
2026-09-14,Ireland,en,iptv for roku ireland,device+geo,ie_device,ie,queued,ignore_.ie_documents,SKIP_IE_DOCUMENTS,n/a
2026-09-14,Ireland,en,iptv for apple tv,device,ie_device,ie,queued,ignore_.ie_documents,SKIP_IE_DOCUMENTS,n/a
2026-09-14,Ireland,en,iptv for apple tv ireland,device+geo,ie_device,ie,queued,ignore_.ie_documents,SKIP_IE_DOCUMENTS,n/a
2026-09-14,Ireland,en,iptv firestick,device,ie_device,ie,queued,ignore_.ie_documents,SKIP_IE_DOCUMENTS,n/a
2026-09-14,Ireland,en,iptv firestick ireland,device+geo,ie_device,ie,queued,ignore_.ie_documents,SKIP_IE_DOCUMENTS,n/a
2026-09-14,Ireland,en,iptv smart tv,device,ie_device,ie,queued,ignore_.ie_documents,SKIP_IE_DOCUMENTS,n/a
2026-09-14,Ireland,en,iptv smart tv ireland,device+geo,ie_device,ie,queued,ignore_.ie_documents,SKIP_IE_DOCUMENTS,n/a
2026-09-14,Ireland,en,iptv android box,device,ie_device,ie,queued,ignore_.ie_documents,SKIP_IE_DOCUMENTS,n/a
2026-09-14,Ireland,en,iptv android box ireland,device+geo,ie_device,ie,queued,ignore_.ie_documents,SKIP_IE_DOCUMENTS,n/a
2026-09-14,Ireland,en,iptv nvidia shield,device,ie_device,ie,queued,ignore_.ie_documents,SKIP_IE_DOCUMENTS,n/a
2026-09-14,Ireland,en,iptv nvidia shield ireland,device+geo,ie_device,ie,queued,ignore_.ie_documents,SKIP_IE_DOCUMENTS,n/a
2026-09-14,Ireland,en,iptv chromecast,device,ie_device,ie,queued,ignore_.ie_documents,SKIP_IE_DOCUMENTS,n/a
2026-09-14,Ireland,en,iptv chromecast ireland,device+geo,ie_device,ie,queued,ignore_.ie_documents,SKIP_IE_DOCUMENTS,n/a
2026-09-14,Ireland,en,iptv mag box,device,ie_device,ie,queued,ignore_.ie_documents,SKIP_IE_DOCUMENTS,n/a
2026-09-14,Ireland,en,iptv mag box ireland,device+geo,ie_device,ie,queued,ignore_.ie_documents,SKIP_IE_DOCUMENTS,n/a
2026-09-14,Ireland,en,iptv formuler,device,ie_device,ie,queued,ignore_.ie_documents,SKIP_IE_DOCUMENTS,n/a
2026-09-14,Ireland,en,iptv formuler ireland,device+geo,ie_device,ie,queued,ignore_.ie_documents,SKIP_IE_DOCUMENTS,n/a
2026-09-14,Ireland,en,tivimate,app_seo_only,ie_app,ie,queued,ignore_.ie_documents,SKIP_IE_DOCUMENTS,n/a
2026-09-14,Ireland,en,tivimate ireland,app+geo,ie_app,ie,queued,ignore_.ie_documents,SKIP_IE_DOCUMENTS,n/a
2026-09-14,Ireland,en,tivimate iptv,app_seo_only,ie_app,ie,queued,ignore_.ie_documents,SKIP_IE_DOCUMENTS,n/a
2026-09-14,Ireland,en,tivimate iptv ireland,app+geo,ie_app,ie,queued,ignore_.ie_documents,SKIP_IE_DOCUMENTS,n/a
2026-09-14,Ireland,en,tivimate premium,app_seo_only,ie_app,ie,queued,ignore_.ie_documents,SKIP_IE_DOCUMENTS,n/a
2026-09-14,Ireland,en,tivimate premium ireland,app+geo,ie_app,ie,queued,ignore_.ie_documents,SKIP_IE_DOCUMENTS,n/a
2026-09-14,Ireland,en,tivimate subscription,app_seo_only,ie_app,ie,queued,ignore_.ie_documents,SKIP_IE_DOCUMENTS,n/a
2026-09-14,Ireland,en,tivimate subscription ireland,app+geo,ie_app,ie,queued,ignore_.ie_documents,SKIP_IE_DOCUMENTS,n/a
2026-09-14,Ireland,en,tivimate playlist,app_seo_only,ie_app,ie,queued,ignore_.ie_documents,SKIP_IE_DOCUMENTS,n/a
2026-09-14,Ireland,en,tivimate playlist ireland,app+geo,ie_app,ie,queued,ignore_.ie_documents,SKIP_IE_DOCUMENTS,n/a
2026-09-14,Ireland,en,iptv smarters,app_seo_only,ie_app,ie,queued,ignore_.ie_documents,SKIP_IE_DOCUMENTS,n/a
2026-09-14,Ireland,en,iptv smarters ireland,app+geo,ie_app,ie,queued,ignore_.ie_documents,SKIP_IE_DOCUMENTS,n/a
2026-09-14,Ireland,en,smarters iptv,app_seo_only,ie_app,ie,queued,ignore_.ie_documents,SKIP_IE_DOCUMENTS,n/a
2026-09-14,Ireland,en,smarters iptv ireland,app+geo,ie_app,ie,queued,ignore_.ie_documents,SKIP_IE_DOCUMENTS,n/a
2026-09-14,Ireland,en,iptv smarters pro,app_seo_only,ie_app,ie,queued,ignore_.ie_documents,SKIP_IE_DOCUMENTS,n/a
2026-09-14,Ireland,en,iptv smarters pro ireland,app+geo,ie_app,ie,queued,ignore_.ie_documents,SKIP_IE_DOCUMENTS,n/a
2026-09-14,Ireland,en,smarters pro iptv,app_seo_only,ie_app,ie,queued,ignore_.ie_documents,SKIP_IE_DOCUMENTS,n/a
2026-09-14,Ireland,en,smarters pro iptv ireland,app+geo,ie_app,ie,queued,ignore_.ie_documents,SKIP_IE_DOCUMENTS,n/a
2026-09-14,Ireland,en,iptv smarters subscription,app_seo_only,ie_app,ie,queued,ignore_.ie_documents,SKIP_IE_DOCUMENTS,n/a
2026-09-14,Ireland,en,iptv smarters subscription ireland,app+geo,ie_app,ie,queued,ignore_.ie_documents,SKIP_IE_DOCUMENTS,n/a
2026-09-14,Ireland,en,gse smart iptv,app_seo_only,ie_app,ie,queued,ignore_.ie_documents,SKIP_IE_DOCUMENTS,n/a
2026-09-14,Ireland,en,gse smart iptv ireland,app+geo,ie_app,ie,queued,ignore_.ie_documents,SKIP_IE_DOCUMENTS,n/a
2026-09-14,Ireland,en,smart iptv app,app_seo_only,ie_app,ie,queued,ignore_.ie_documents,SKIP_IE_DOCUMENTS,n/a
2026-09-14,Ireland,en,smart iptv app ireland,app+geo,ie_app,ie,queued,ignore_.ie_documents,SKIP_IE_DOCUMENTS,n/a
2026-09-14,Ireland,en,perfect player iptv,app_seo_only,ie_app,ie,queued,ignore_.ie_documents,SKIP_IE_DOCUMENTS,n/a
2026-09-14,Ireland,en,perfect player iptv ireland,app+geo,ie_app,ie,queued,ignore_.ie_documents,SKIP_IE_DOCUMENTS,n/a
2026-09-14,Ireland,en,xceltv,app_seo_only,ie_app,ie,queued,ignore_.ie_documents,SKIP_IE_DOCUMENTS,n/a
2026-09-14,Ireland,en,xceltv ireland,app+geo,ie_app,ie,queued,ignore_.ie_documents,SKIP_IE_DOCUMENTS,n/a
2026-09-14,Ireland,en,ott navigator,app_seo_only,ie_app,ie,queued,ignore_.ie_documents,SKIP_IE_DOCUMENTS,n/a
2026-09-14,Ireland,en,ott navigator ireland,app+geo,ie_app,ie,queued,ignore_.ie_documents,SKIP_IE_DOCUMENTS,n/a
2026-09-14,Ireland,en,iptv extreme,app_seo_only,ie_app,ie,queued,ignore_.ie_documents,SKIP_IE_DOCUMENTS,n/a
2026-09-14,Ireland,en,iptv extreme ireland,app+geo,ie_app,ie,queued,ignore_.ie_documents,SKIP_IE_DOCUMENTS,n/a
2026-09-14,Ireland,en,set iptv,app_seo_only,ie_app,ie,queued,ignore_.ie_documents,SKIP_IE_DOCUMENTS,n/a
2026-09-14,Ireland,en,set iptv ireland,app+geo,ie_app,ie,queued,ignore_.ie_documents,SKIP_IE_DOCUMENTS,n/a
2026-09-14,Ireland,en,net iptv,app_seo_only,ie_app,ie,queued,ignore_.ie_documents,SKIP_IE_DOCUMENTS,n/a
2026-09-14,Ireland,en,net iptv ireland,app+geo,ie_app,ie,queued,ignore_.ie_documents,SKIP_IE_DOCUMENTS,n/a
2026-09-14,Ireland,en,ibo player,app_seo_only,ie_app,ie,queued,ignore_.ie_documents,SKIP_IE_DOCUMENTS,n/a
2026-09-14,Ireland,en,ibo player ireland,app+geo,ie_app,ie,queued,ignore_.ie_documents,SKIP_IE_DOCUMENTS,n/a
2026-09-14,Ireland,en,duplexplay,app_seo_only,ie_app,ie,queued,ignore_.ie_documents,SKIP_IE_DOCUMENTS,n/a
2026-09-14,Ireland,en,duplexplay ireland,app+geo,ie_app,ie,queued,ignore_.ie_documents,SKIP_IE_DOCUMENTS,n/a
2026-09-14,Ireland,en,iptv player apk,app_seo_only,ie_app,ie,queued,ignore_.ie_documents,SKIP_IE_DOCUMENTS,n/a
2026-09-14,Ireland,en,iptv player apk ireland,app+geo,ie_app,ie,queued,ignore_.ie_documents,SKIP_IE_DOCUMENTS,n/a
2026-09-14,France,fr,iptv samsung france,device+geo,fr_device,fr,queued,ok,iptvsamsungfrance.fr,.fr
2026-09-14,Canada,en,iptv canada firestick,device+geo,ca_device,ca,queued,ok,iptvcanadafirestick.ca,.ca
2026-09-14,Canada,en,iptv canada legal,legal,ca_core,ca,queued,ok,iptvcanadalegal.ca,.ca
2026-09-14,United States,en,best iptv service,service+best,us_core,us,queued,ok,bestiptvservice.co,.co
2026-09-14,Australia,en,iptv australia firestick,device+geo,au_device,au,queued,ok,iptvaustraliafirestick.com.au,.com.au
